persona_id,country,sex,age_group,education,n_respondents,question_id,mean_response
USA_Female_18-29_Medium,USA,Female,18-29,Medium,184,Q1,1.11
USA_Female_18-29_Medium,USA,Female,18-29,Medium,184,Q10,1.52
USA_Female_18-29_Medium,USA,Female,18-29,Medium,184,Q100,0.35
USA_Female_18-29_Medium,USA,Female,18-29,Medium,184,Q101,0.43
USA_Female_18-29_Medium,USA,Female,18-29,Medium,184,Q102,0.25
USA_Female_18-29_Medium,USA,Female,18-29,Medium,184,Q103,0.25
USA_Female_18-29_Medium,USA,Female,18-29,Medium,184,Q104,0.38
USA_Female_18-29_Medium,USA,Female,18-29,Medium,184,Q105,0.36
USA_Female_18-29_Medium,USA,Female,18-29,Medium,184,Q106,4.53
USA_Female_18-29_Medium,USA,Female,18-29,Medium,184,Q107,3.88
USA_Female_18-29_Medium,USA,Female,18-29,Medium,184,Q108,4.75
USA_Female_18-29_Medium,USA,Female,18-29,Medium,184,Q109,4.31
USA_Female_18-29_Medium,USA,Female,18-29,Medium,184,Q11,1.66
USA_Female_18-29_Medium,USA,Female,18-29,Medium,184,Q110,4.04
USA_Female_18-29_Medium,USA,Female,18-29,Medium,184,Q111,1.45
USA_Female_18-29_Medium,USA,Female,18-29,Medium,184,Q112,7.45
USA_Female_18-29_Medium,USA,Female,18-29,Medium,184,Q113,2.45
USA_Female_18-29_Medium,USA,Female,18-29,Medium,184,Q114,2.48
USA_Female_18-29_Medium,USA,Female,18-29,Medium,184,Q115,2.27
USA_Female_18-29_Medium,USA,Female,18-29,Medium,184,Q116,2.3
USA_Female_18-29_Medium,USA,Female,18-29,Medium,184,Q117,2.55
USA_Female_18-29_Medium,USA,Female,18-29,Medium,184,Q118,2.1
USA_Female_18-29_Medium,USA,Female,18-29,Medium,184,Q119,1.8
USA_Female_18-29_Medium,USA,Female,18-29,Medium,184,Q12,1.3
USA_Female_18-29_Medium,USA,Female,18-29,Medium,184,Q120,5.66
USA_Female_18-29_Medium,USA,Female,18-29,Medium,184,Q121,3.3
USA_Female_18-29_Medium,USA,Female,18-29,Medium,184,Q122,1.37
USA_Female_18-29_Medium,USA,Female,18-29,Medium,184,Q123,1.48
USA_Female_18-29_Medium,USA,Female,18-29,Medium,184,Q124,1.02
USA_Female_18-29_Medium,USA,Female,18-29,Medium,184,Q125,1.2
USA_Female_18-29_Medium,USA,Female,18-29,Medium,184,Q126,1.07
USA_Female_18-29_Medium,USA,Female,18-29,Medium,184,Q127,1.34
USA_Female_18-29_Medium,USA,Female,18-29,Medium,184,Q128,1.07
USA_Female_18-29_Medium,USA,Female,18-29,Medium,184,Q129,1.24
USA_Female_18-29_Medium,USA,Female,18-29,Medium,184,Q13,1.77
USA_Female_18-29_Medium,USA,Female,18-29,Medium,184,Q130,2.24
USA_Female_18-29_Medium,USA,Female,18-29,Medium,184,Q131,2.41
USA_Female_18-29_Medium,USA,Female,18-29,Medium,184,Q132,2.85
USA_Female_18-29_Medium,USA,Female,18-29,Medium,184,Q133,2.73
USA_Female_18-29_Medium,USA,Female,18-29,Medium,184,Q134,3.07
USA_Female_18-29_Medium,USA,Female,18-29,Medium,184,Q135,2.69
USA_Female_18-29_Medium,USA,Female,18-29,Medium,184,Q136,2.66
USA_Female_18-29_Medium,USA,Female,18-29,Medium,184,Q137,2.92
USA_Female_18-29_Medium,USA,Female,18-29,Medium,184,Q138,2.93
USA_Female_18-29_Medium,USA,Female,18-29,Medium,184,Q139,1.34
USA_Female_18-29_Medium,USA,Female,18-29,Medium,184,Q14,1.61
USA_Female_18-29_Medium,USA,Female,18-29,Medium,184,Q140,1.4
USA_Female_18-29_Medium,USA,Female,18-29,Medium,184,Q141,1.63
USA_Female_18-29_Medium,USA,Female,18-29,Medium,184,Q142,2.57
USA_Female_18-29_Medium,USA,Female,18-29,Medium,184,Q143,2.41
USA_Female_18-29_Medium,USA,Female,18-29,Medium,184,Q144,1.81
USA_Female_18-29_Medium,USA,Female,18-29,Medium,184,Q145,1.78
USA_Female_18-29_Medium,USA,Female,18-29,Medium,184,Q146,2.04
USA_Female_18-29_Medium,USA,Female,18-29,Medium,184,Q147,2.25
USA_Female_18-29_Medium,USA,Female,18-29,Medium,184,Q148,2.44
USA_Female_18-29_Medium,USA,Female,18-29,Medium,184,Q149,1.33
USA_Female_18-29_Medium,USA,Female,18-29,Medium,184,Q150,1.43
USA_Female_18-29_Medium,USA,Female,18-29,Medium,184,Q151,1.62
USA_Female_18-29_Medium,USA,Female,18-29,Medium,184,Q152,1.9
USA_Female_18-29_Medium,USA,Female,18-29,Medium,184,Q153,1.87
USA_Female_18-29_Medium,USA,Female,18-29,Medium,184,Q154,2.24
USA_Female_18-29_Medium,USA,Female,18-29,Medium,184,Q155,2.61
USA_Female_18-29_Medium,USA,Female,18-29,Medium,184,Q156,1.81
USA_Female_18-29_Medium,USA,Female,18-29,Medium,184,Q157,2.52
USA_Female_18-29_Medium,USA,Female,18-29,Medium,184,Q158,6.49
USA_Female_18-29_Medium,USA,Female,18-29,Medium,184,Q159,6.79
USA_Female_18-29_Medium,USA,Female,18-29,Medium,184,Q16,1.72
USA_Female_18-29_Medium,USA,Female,18-29,Medium,184,Q161,5.22
USA_Female_18-29_Medium,USA,Female,18-29,Medium,184,Q162,4.49
USA_Female_18-29_Medium,USA,Female,18-29,Medium,184,Q163,6.32
USA_Female_18-29_Medium,USA,Female,18-29,Medium,184,Q17,1.68
USA_Female_18-29_Medium,USA,Female,18-29,Medium,184,Q176,4.94
USA_Female_18-29_Medium,USA,Female,18-29,Medium,184,Q177,3.31
USA_Female_18-29_Medium,USA,Female,18-29,Medium,184,Q178,4.36
USA_Female_18-29_Medium,USA,Female,18-29,Medium,184,Q179,2.5
USA_Female_18-29_Medium,USA,Female,18-29,Medium,184,Q18,1.07
USA_Female_18-29_Medium,USA,Female,18-29,Medium,184,Q180,2.37
USA_Female_18-29_Medium,USA,Female,18-29,Medium,184,Q181,2.46
USA_Female_18-29_Medium,USA,Female,18-29,Medium,184,Q182,6.69
USA_Female_18-29_Medium,USA,Female,18-29,Medium,184,Q183,3.45
USA_Female_18-29_Medium,USA,Female,18-29,Medium,184,Q184,4.86
USA_Female_18-29_Medium,USA,Female,18-29,Medium,184,Q185,6.43
USA_Female_18-29_Medium,USA,Female,18-29,Medium,184,Q186,6.88
USA_Female_18-29_Medium,USA,Female,18-29,Medium,184,Q187,3.39
USA_Female_18-29_Medium,USA,Female,18-29,Medium,184,Q188,4.9
USA_Female_18-29_Medium,USA,Female,18-29,Medium,184,Q189,1.68
USA_Female_18-29_Medium,USA,Female,18-29,Medium,184,Q19,1.98
USA_Female_18-29_Medium,USA,Female,18-29,Medium,184,Q190,2.45
USA_Female_18-29_Medium,USA,Female,18-29,Medium,184,Q191,2.6
USA_Female_18-29_Medium,USA,Female,18-29,Medium,184,Q192,1.95
USA_Female_18-29_Medium,USA,Female,18-29,Medium,184,Q193,6.22
USA_Female_18-29_Medium,USA,Female,18-29,Medium,184,Q194,2.56
USA_Female_18-29_Medium,USA,Female,18-29,Medium,184,Q195,5.14
USA_Female_18-29_Medium,USA,Female,18-29,Medium,184,Q196,2.18
USA_Female_18-29_Medium,USA,Female,18-29,Medium,184,Q197,3.1
USA_Female_18-29_Medium,USA,Female,18-29,Medium,184,Q198,3.02
USA_Female_18-29_Medium,USA,Female,18-29,Medium,184,Q199,2.73
USA_Female_18-29_Medium,USA,Female,18-29,Medium,184,Q2,1.66
USA_Female_18-29_Medium,USA,Female,18-29,Medium,184,Q20,1.83
USA_Female_18-29_Medium,USA,Female,18-29,Medium,184,Q200,1.67
USA_Female_18-29_Medium,USA,Female,18-29,Medium,184,Q201,3.93
USA_Female_18-29_Medium,USA,Female,18-29,Medium,184,Q202,2.82
USA_Female_18-29_Medium,USA,Female,18-29,Medium,184,Q203,3.13
USA_Female_18-29_Medium,USA,Female,18-29,Medium,184,Q204,1.9
USA_Female_18-29_Medium,USA,Female,18-29,Medium,184,Q205,3.03
USA_Female_18-29_Medium,USA,Female,18-29,Medium,184,Q206,1.8
USA_Female_18-29_Medium,USA,Female,18-29,Medium,184,Q207,1.92
USA_Female_18-29_Medium,USA,Female,18-29,Medium,184,Q208,2.28
USA_Female_18-29_Medium,USA,Female,18-29,Medium,184,Q209,1.7
USA_Female_18-29_Medium,USA,Female,18-29,Medium,184,Q21,1.92
USA_Female_18-29_Medium,USA,Female,18-29,Medium,184,Q210,2.27
USA_Female_18-29_Medium,USA,Female,18-29,Medium,184,Q211,2.18
USA_Female_18-29_Medium,USA,Female,18-29,Medium,184,Q212,2.42
USA_Female_18-29_Medium,USA,Female,18-29,Medium,184,Q213,1.99
USA_Female_18-29_Medium,USA,Female,18-29,Medium,184,Q214,2.26
USA_Female_18-29_Medium,USA,Female,18-29,Medium,184,Q216,1.82
USA_Female_18-29_Medium,USA,Female,18-29,Medium,184,Q217,1.7
USA_Female_18-29_Medium,USA,Female,18-29,Medium,184,Q218,1.68
USA_Female_18-29_Medium,USA,Female,18-29,Medium,184,Q219,1.95
USA_Female_18-29_Medium,USA,Female,18-29,Medium,184,Q22,1.87
USA_Female_18-29_Medium,USA,Female,18-29,Medium,184,Q220,2.46
USA_Female_18-29_Medium,USA,Female,18-29,Medium,184,Q221,2.44
USA_Female_18-29_Medium,USA,Female,18-29,Medium,184,Q222,2.23
USA_Female_18-29_Medium,USA,Female,18-29,Medium,184,Q223,657602.73
USA_Female_18-29_Medium,USA,Female,18-29,Medium,184,Q224,2.5
USA_Female_18-29_Medium,USA,Female,18-29,Medium,184,Q225,2.52
USA_Female_18-29_Medium,USA,Female,18-29,Medium,184,Q226,2.16
USA_Female_18-29_Medium,USA,Female,18-29,Medium,184,Q227,2.48
USA_Female_18-29_Medium,USA,Female,18-29,Medium,184,Q228,2.79
USA_Female_18-29_Medium,USA,Female,18-29,Medium,184,Q229,2.75
USA_Female_18-29_Medium,USA,Female,18-29,Medium,184,Q23,1.97
USA_Female_18-29_Medium,USA,Female,18-29,Medium,184,Q230,2.19
USA_Female_18-29_Medium,USA,Female,18-29,Medium,184,Q231,2.88
USA_Female_18-29_Medium,USA,Female,18-29,Medium,184,Q232,2.46
USA_Female_18-29_Medium,USA,Female,18-29,Medium,184,Q233,2.44
USA_Female_18-29_Medium,USA,Female,18-29,Medium,184,Q234,1.83
USA_Female_18-29_Medium,USA,Female,18-29,Medium,184,Q235,2.61
USA_Female_18-29_Medium,USA,Female,18-29,Medium,184,Q236,2.29
USA_Female_18-29_Medium,USA,Female,18-29,Medium,184,Q237,2.93
USA_Female_18-29_Medium,USA,Female,18-29,Medium,184,Q238,2.16
USA_Female_18-29_Medium,USA,Female,18-29,Medium,184,Q24,1.21
USA_Female_18-29_Medium,USA,Female,18-29,Medium,184,Q240,5.02
USA_Female_18-29_Medium,USA,Female,18-29,Medium,184,Q241,6.03
USA_Female_18-29_Medium,USA,Female,18-29,Medium,184,Q243,7.08
USA_Female_18-29_Medium,USA,Female,18-29,Medium,184,Q244,5.91
USA_Female_18-29_Medium,USA,Female,18-29,Medium,184,Q245,4.7
USA_Female_18-29_Medium,USA,Female,18-29,Medium,184,Q246,6.68
USA_Female_18-29_Medium,USA,Female,18-29,Medium,184,Q247,5.22
USA_Female_18-29_Medium,USA,Female,18-29,Medium,184,Q248,5.44
USA_Female_18-29_Medium,USA,Female,18-29,Medium,184,Q249,7.46
USA_Female_18-29_Medium,USA,Female,18-29,Medium,184,Q25,1.98
USA_Female_18-29_Medium,USA,Female,18-29,Medium,184,Q250,6.75
USA_Female_18-29_Medium,USA,Female,18-29,Medium,184,Q251,5.13
USA_Female_18-29_Medium,USA,Female,18-29,Medium,184,Q252,4.22
USA_Female_18-29_Medium,USA,Female,18-29,Medium,184,Q253,2.59
USA_Female_18-29_Medium,USA,Female,18-29,Medium,184,Q254,2.31
USA_Female_18-29_Medium,USA,Female,18-29,Medium,184,Q255,2.28
USA_Female_18-29_Medium,USA,Female,18-29,Medium,184,Q256,2.32
USA_Female_18-29_Medium,USA,Female,18-29,Medium,184,Q257,2.35
USA_Female_18-29_Medium,USA,Female,18-29,Medium,184,Q258,2.48
USA_Female_18-29_Medium,USA,Female,18-29,Medium,184,Q259,2.62
USA_Female_18-29_Medium,USA,Female,18-29,Medium,184,Q26,1.91
USA_Female_18-29_Medium,USA,Female,18-29,Medium,184,Q27,1.86
USA_Female_18-29_Medium,USA,Female,18-29,Medium,184,Q28,3.09
USA_Female_18-29_Medium,USA,Female,18-29,Medium,184,Q29,3.2
USA_Female_18-29_Medium,USA,Female,18-29,Medium,184,Q3,2.02
USA_Female_18-29_Medium,USA,Female,18-29,Medium,184,Q30,3.31
USA_Female_18-29_Medium,USA,Female,18-29,Medium,184,Q31,3.31
USA_Female_18-29_Medium,USA,Female,18-29,Medium,184,Q32,2.15
USA_Female_18-29_Medium,USA,Female,18-29,Medium,184,Q33,3.74
USA_Female_18-29_Medium,USA,Female,18-29,Medium,184,Q34,3
USA_Female_18-29_Medium,USA,Female,18-29,Medium,184,Q35,3.51
USA_Female_18-29_Medium,USA,Female,18-29,Medium,184,Q36,2.06
USA_Female_18-29_Medium,USA,Female,18-29,Medium,184,Q37,3.52
USA_Female_18-29_Medium,USA,Female,18-29,Medium,184,Q38,2.73
USA_Female_18-29_Medium,USA,Female,18-29,Medium,184,Q39,2.89
USA_Female_18-29_Medium,USA,Female,18-29,Medium,184,Q4,2.69
USA_Female_18-29_Medium,USA,Female,18-29,Medium,184,Q40,2.55
USA_Female_18-29_Medium,USA,Female,18-29,Medium,184,Q41,3.15
USA_Female_18-29_Medium,USA,Female,18-29,Medium,184,Q42,1.84
USA_Female_18-29_Medium,USA,Female,18-29,Medium,184,Q43,1.91
USA_Female_18-29_Medium,USA,Female,18-29,Medium,184,Q44,1.74
USA_Female_18-29_Medium,USA,Female,18-29,Medium,184,Q45,1.51
USA_Female_18-29_Medium,USA,Female,18-29,Medium,184,Q46,1.99
USA_Female_18-29_Medium,USA,Female,18-29,Medium,184,Q47,2.2
USA_Female_18-29_Medium,USA,Female,18-29,Medium,184,Q48,7.23
USA_Female_18-29_Medium,USA,Female,18-29,Medium,184,Q49,6.82
USA_Female_18-29_Medium,USA,Female,18-29,Medium,184,Q5,1.7
USA_Female_18-29_Medium,USA,Female,18-29,Medium,184,Q50,5.51
USA_Female_18-29_Medium,USA,Female,18-29,Medium,184,Q51,3.37
USA_Female_18-29_Medium,USA,Female,18-29,Medium,184,Q52,3.38
USA_Female_18-29_Medium,USA,Female,18-29,Medium,184,Q53,3.08
USA_Female_18-29_Medium,USA,Female,18-29,Medium,184,Q54,3.05
USA_Female_18-29_Medium,USA,Female,18-29,Medium,184,Q55,3.79
USA_Female_18-29_Medium,USA,Female,18-29,Medium,184,Q56,1.92
USA_Female_18-29_Medium,USA,Female,18-29,Medium,184,Q57,1.72
USA_Female_18-29_Medium,USA,Female,18-29,Medium,184,Q58,1.61
USA_Female_18-29_Medium,USA,Female,18-29,Medium,184,Q59,2.55
USA_Female_18-29_Medium,USA,Female,18-29,Medium,184,Q60,2.08
USA_Female_18-29_Medium,USA,Female,18-29,Medium,184,Q61,3.09
USA_Female_18-29_Medium,USA,Female,18-29,Medium,184,Q62,2.41
USA_Female_18-29_Medium,USA,Female,18-29,Medium,184,Q63,2.4
USA_Female_18-29_Medium,USA,Female,18-29,Medium,184,Q65,2.22
USA_Female_18-29_Medium,USA,Female,18-29,Medium,184,Q66,3.19
USA_Female_18-29_Medium,USA,Female,18-29,Medium,184,Q67,3.1
USA_Female_18-29_Medium,USA,Female,18-29,Medium,184,Q68,2.84
USA_Female_18-29_Medium,USA,Female,18-29,Medium,184,Q69,2.44
USA_Female_18-29_Medium,USA,Female,18-29,Medium,184,Q7,1.46
USA_Female_18-29_Medium,USA,Female,18-29,Medium,184,Q70,2.53
USA_Female_18-29_Medium,USA,Female,18-29,Medium,184,Q71,3.04
USA_Female_18-29_Medium,USA,Female,18-29,Medium,184,Q72,3.15
USA_Female_18-29_Medium,USA,Female,18-29,Medium,184,Q73,3.02
USA_Female_18-29_Medium,USA,Female,18-29,Medium,184,Q74,2.88
USA_Female_18-29_Medium,USA,Female,18-29,Medium,184,Q75,2.54
USA_Female_18-29_Medium,USA,Female,18-29,Medium,184,Q76,3.03
USA_Female_18-29_Medium,USA,Female,18-29,Medium,184,Q77,2.9
USA_Female_18-29_Medium,USA,Female,18-29,Medium,184,Q78,2.64
USA_Female_18-29_Medium,USA,Female,18-29,Medium,184,Q79,2.42
USA_Female_18-29_Medium,USA,Female,18-29,Medium,184,Q8,1.42
USA_Female_18-29_Medium,USA,Female,18-29,Medium,184,Q80,2.45
USA_Female_18-29_Medium,USA,Female,18-29,Medium,184,Q81,2.3
USA_Female_18-29_Medium,USA,Female,18-29,Medium,184,Q82,2.74
USA_Female_18-29_Medium,USA,Female,18-29,Medium,184,Q83,2.65
USA_Female_18-29_Medium,USA,Female,18-29,Medium,184,Q84,2.86
USA_Female_18-29_Medium,USA,Female,18-29,Medium,184,Q85,2.78
USA_Female_18-29_Medium,USA,Female,18-29,Medium,184,Q86,2.73
USA_Female_18-29_Medium,USA,Female,18-29,Medium,184,Q87,2.81
USA_Female_18-29_Medium,USA,Female,18-29,Medium,184,Q88,2.66
USA_Female_18-29_Medium,USA,Female,18-29,Medium,184,Q89,2.77
USA_Female_18-29_Medium,USA,Female,18-29,Medium,184,Q9,1.43
USA_Female_18-29_Medium,USA,Female,18-29,Medium,184,Q90,4.87
USA_Female_18-29_Medium,USA,Female,18-29,Medium,184,Q95,0.39
USA_Female_18-29_Medium,USA,Female,18-29,Medium,184,Q96,0.61
USA_Female_18-29_Medium,USA,Female,18-29,Medium,184,Q97,0.2
USA_Female_18-29_Medium,USA,Female,18-29,Medium,184,Q98,0.42
USA_Female_18-29_Medium,USA,Female,18-29,Medium,184,Q99,0.28
USA_Male_18-29_Higher,USA,Male,18-29,Higher,123,Q1,1.25
USA_Male_18-29_Higher,USA,Male,18-29,Higher,123,Q10,1.45
USA_Male_18-29_Higher,USA,Male,18-29,Higher,123,Q100,0.88
USA_Male_18-29_Higher,USA,Male,18-29,Higher,123,Q101,0.61
USA_Male_18-29_Higher,USA,Male,18-29,Higher,123,Q102,0.21
USA_Male_18-29_Higher,USA,Male,18-29,Higher,123,Q103,0.17
USA_Male_18-29_Higher,USA,Male,18-29,Higher,123,Q104,0.12
USA_Male_18-29_Higher,USA,Male,18-29,Higher,123,Q105,0.4
USA_Male_18-29_Higher,USA,Male,18-29,Higher,123,Q106,4.54
USA_Male_18-29_Higher,USA,Male,18-29,Higher,123,Q107,4.24
USA_Male_18-29_Higher,USA,Male,18-29,Higher,123,Q108,5.2
USA_Male_18-29_Higher,USA,Male,18-29,Higher,123,Q109,3.49
USA_Male_18-29_Higher,USA,Male,18-29,Higher,123,Q11,1.6
USA_Male_18-29_Higher,USA,Male,18-29,Higher,123,Q110,4.14
USA_Male_18-29_Higher,USA,Male,18-29,Higher,123,Q111,1.48
USA_Male_18-29_Higher,USA,Male,18-29,Higher,123,Q112,7.77
USA_Male_18-29_Higher,USA,Male,18-29,Higher,123,Q113,2.33
USA_Male_18-29_Higher,USA,Male,18-29,Higher,123,Q114,2.54
USA_Male_18-29_Higher,USA,Male,18-29,Higher,123,Q115,2.18
USA_Male_18-29_Higher,USA,Male,18-29,Higher,123,Q116,2.12
USA_Male_18-29_Higher,USA,Male,18-29,Higher,123,Q117,2.36
USA_Male_18-29_Higher,USA,Male,18-29,Higher,123,Q118,1.93
USA_Male_18-29_Higher,USA,Male,18-29,Higher,123,Q119,1.97
USA_Male_18-29_Higher,USA,Male,18-29,Higher,123,Q12,1.29
USA_Male_18-29_Higher,USA,Male,18-29,Higher,123,Q120,5.27
USA_Male_18-29_Higher,USA,Male,18-29,Higher,123,Q121,3.83
USA_Male_18-29_Higher,USA,Male,18-29,Higher,123,Q122,1.8
USA_Male_18-29_Higher,USA,Male,18-29,Higher,123,Q123,1.8
USA_Male_18-29_Higher,USA,Male,18-29,Higher,123,Q124,0.89
USA_Male_18-29_Higher,USA,Male,18-29,Higher,123,Q125,1.33
USA_Male_18-29_Higher,USA,Male,18-29,Higher,123,Q126,0.86
USA_Male_18-29_Higher,USA,Male,18-29,Higher,123,Q127,1.62
USA_Male_18-29_Higher,USA,Male,18-29,Higher,123,Q128,0.86
USA_Male_18-29_Higher,USA,Male,18-29,Higher,123,Q129,1.28
USA_Male_18-29_Higher,USA,Male,18-29,Higher,123,Q13,1.67
USA_Male_18-29_Higher,USA,Male,18-29,Higher,123,Q130,1.98
USA_Male_18-29_Higher,USA,Male,18-29,Higher,123,Q131,2.06
USA_Male_18-29_Higher,USA,Male,18-29,Higher,123,Q132,3.09
USA_Male_18-29_Higher,USA,Male,18-29,Higher,123,Q133,2.84
USA_Male_18-29_Higher,USA,Male,18-29,Higher,123,Q134,3.22
USA_Male_18-29_Higher,USA,Male,18-29,Higher,123,Q135,2.87
USA_Male_18-29_Higher,USA,Male,18-29,Higher,123,Q136,3.04
USA_Male_18-29_Higher,USA,Male,18-29,Higher,123,Q137,3.29
USA_Male_18-29_Higher,USA,Male,18-29,Higher,123,Q138,3.16
USA_Male_18-29_Higher,USA,Male,18-29,Higher,123,Q139,1.38
USA_Male_18-29_Higher,USA,Male,18-29,Higher,123,Q14,1.48
USA_Male_18-29_Higher,USA,Male,18-29,Higher,123,Q140,1.56
USA_Male_18-29_Higher,USA,Male,18-29,Higher,123,Q141,1.63
USA_Male_18-29_Higher,USA,Male,18-29,Higher,123,Q142,2.72
USA_Male_18-29_Higher,USA,Male,18-29,Higher,123,Q143,2.88
USA_Male_18-29_Higher,USA,Male,18-29,Higher,123,Q144,1.85
USA_Male_18-29_Higher,USA,Male,18-29,Higher,123,Q145,1.83
USA_Male_18-29_Higher,USA,Male,18-29,Higher,123,Q146,2.07
USA_Male_18-29_Higher,USA,Male,18-29,Higher,123,Q147,2.61
USA_Male_18-29_Higher,USA,Male,18-29,Higher,123,Q148,3.1
USA_Male_18-29_Higher,USA,Male,18-29,Higher,123,Q149,1.39
USA_Male_18-29_Higher,USA,Male,18-29,Higher,123,Q150,1.17
USA_Male_18-29_Higher,USA,Male,18-29,Higher,123,Q151,1.47
USA_Male_18-29_Higher,USA,Male,18-29,Higher,123,Q152,1.8
USA_Male_18-29_Higher,USA,Male,18-29,Higher,123,Q153,1.96
USA_Male_18-29_Higher,USA,Male,18-29,Higher,123,Q154,2.42
USA_Male_18-29_Higher,USA,Male,18-29,Higher,123,Q155,2.8
USA_Male_18-29_Higher,USA,Male,18-29,Higher,123,Q156,1.85
USA_Male_18-29_Higher,USA,Male,18-29,Higher,123,Q157,2.39
USA_Male_18-29_Higher,USA,Male,18-29,Higher,123,Q158,8.29
USA_Male_18-29_Higher,USA,Male,18-29,Higher,123,Q159,7.74
USA_Male_18-29_Higher,USA,Male,18-29,Higher,123,Q16,1.62
USA_Male_18-29_Higher,USA,Male,18-29,Higher,123,Q161,3.43
USA_Male_18-29_Higher,USA,Male,18-29,Higher,123,Q162,3.2
USA_Male_18-29_Higher,USA,Male,18-29,Higher,123,Q163,8.54
USA_Male_18-29_Higher,USA,Male,18-29,Higher,123,Q17,1.85
USA_Male_18-29_Higher,USA,Male,18-29,Higher,123,Q176,5.75
USA_Male_18-29_Higher,USA,Male,18-29,Higher,123,Q177,3.17
USA_Male_18-29_Higher,USA,Male,18-29,Higher,123,Q178,3.81
USA_Male_18-29_Higher,USA,Male,18-29,Higher,123,Q179,2.35
USA_Male_18-29_Higher,USA,Male,18-29,Higher,123,Q18,1.05
USA_Male_18-29_Higher,USA,Male,18-29,Higher,123,Q180,2.69
USA_Male_18-29_Higher,USA,Male,18-29,Higher,123,Q181,2.34
USA_Male_18-29_Higher,USA,Male,18-29,Higher,123,Q182,7.69
USA_Male_18-29_Higher,USA,Male,18-29,Higher,123,Q183,4.96
USA_Male_18-29_Higher,USA,Male,18-29,Higher,123,Q184,6.15
USA_Male_18-29_Higher,USA,Male,18-29,Higher,123,Q185,6.93
USA_Male_18-29_Higher,USA,Male,18-29,Higher,123,Q186,7.5
USA_Male_18-29_Higher,USA,Male,18-29,Higher,123,Q187,3.92
USA_Male_18-29_Higher,USA,Male,18-29,Higher,123,Q188,5.9
USA_Male_18-29_Higher,USA,Male,18-29,Higher,123,Q189,1.62
USA_Male_18-29_Higher,USA,Male,18-29,Higher,123,Q19,1.98
USA_Male_18-29_Higher,USA,Male,18-29,Higher,123,Q190,2.39
USA_Male_18-29_Higher,USA,Male,18-29,Higher,123,Q191,3.21
USA_Male_18-29_Higher,USA,Male,18-29,Higher,123,Q192,1.88
USA_Male_18-29_Higher,USA,Male,18-29,Higher,123,Q193,7.15
USA_Male_18-29_Higher,USA,Male,18-29,Higher,123,Q194,2.66
USA_Male_18-29_Higher,USA,Male,18-29,Higher,123,Q195,4.89
USA_Male_18-29_Higher,USA,Male,18-29,Higher,123,Q196,2.3
USA_Male_18-29_Higher,USA,Male,18-29,Higher,123,Q197,3.33
USA_Male_18-29_Higher,USA,Male,18-29,Higher,123,Q198,3.28
USA_Male_18-29_Higher,USA,Male,18-29,Higher,123,Q199,1.96
USA_Male_18-29_Higher,USA,Male,18-29,Higher,123,Q2,1.53
USA_Male_18-29_Higher,USA,Male,18-29,Higher,123,Q20,1.85
USA_Male_18-29_Higher,USA,Male,18-29,Higher,123,Q200,1.17
USA_Male_18-29_Higher,USA,Male,18-29,Higher,123,Q201,3.48
USA_Male_18-29_Higher,USA,Male,18-29,Higher,123,Q202,2.88
USA_Male_18-29_Higher,USA,Male,18-29,Higher,123,Q203,2.71
USA_Male_18-29_Higher,USA,Male,18-29,Higher,123,Q204,1.7
USA_Male_18-29_Higher,USA,Male,18-29,Higher,123,Q205,2.81
USA_Male_18-29_Higher,USA,Male,18-29,Higher,123,Q206,1.41
USA_Male_18-29_Higher,USA,Male,18-29,Higher,123,Q207,1.89
USA_Male_18-29_Higher,USA,Male,18-29,Higher,123,Q208,1.87
USA_Male_18-29_Higher,USA,Male,18-29,Higher,123,Q209,1.43
USA_Male_18-29_Higher,USA,Male,18-29,Higher,123,Q21,1.95
USA_Male_18-29_Higher,USA,Male,18-29,Higher,123,Q210,1.93
USA_Male_18-29_Higher,USA,Male,18-29,Higher,123,Q211,1.91
USA_Male_18-29_Higher,USA,Male,18-29,Higher,123,Q212,2.23
USA_Male_18-29_Higher,USA,Male,18-29,Higher,123,Q213,1.59
USA_Male_18-29_Higher,USA,Male,18-29,Higher,123,Q214,1.7
USA_Male_18-29_Higher,USA,Male,18-29,Higher,123,Q216,1.38
USA_Male_18-29_Higher,USA,Male,18-29,Higher,123,Q217,1.35
USA_Male_18-29_Higher,USA,Male,18-29,Higher,123,Q218,1.46
USA_Male_18-29_Higher,USA,Male,18-29,Higher,123,Q219,1.61
USA_Male_18-29_Higher,USA,Male,18-29,Higher,123,Q22,1.9
USA_Male_18-29_Higher,USA,Male,18-29,Higher,123,Q220,2.14
USA_Male_18-29_Higher,USA,Male,18-29,Higher,123,Q221,2
USA_Male_18-29_Higher,USA,Male,18-29,Higher,123,Q222,1.59
USA_Male_18-29_Higher,USA,Male,18-29,Higher,123,Q223,764264.7
USA_Male_18-29_Higher,USA,Male,18-29,Higher,123,Q224,1.73
USA_Male_18-29_Higher,USA,Male,18-29,Higher,123,Q225,2.5
USA_Male_18-29_Higher,USA,Male,18-29,Higher,123,Q226,2.2
USA_Male_18-29_Higher,USA,Male,18-29,Higher,123,Q227,2.82
USA_Male_18-29_Higher,USA,Male,18-29,Higher,123,Q228,2.69
USA_Male_18-29_Higher,USA,Male,18-29,Higher,123,Q229,1.93
USA_Male_18-29_Higher,USA,Male,18-29,Higher,123,Q23,1.96
USA_Male_18-29_Higher,USA,Male,18-29,Higher,123,Q230,1.94
USA_Male_18-29_Higher,USA,Male,18-29,Higher,123,Q231,3.16
USA_Male_18-29_Higher,USA,Male,18-29,Higher,123,Q232,2.29
USA_Male_18-29_Higher,USA,Male,18-29,Higher,123,Q233,2.14
USA_Male_18-29_Higher,USA,Male,18-29,Higher,123,Q234,1.42
USA_Male_18-29_Higher,USA,Male,18-29,Higher,123,Q235,3.07
USA_Male_18-29_Higher,USA,Male,18-29,Higher,123,Q236,2.38
USA_Male_18-29_Higher,USA,Male,18-29,Higher,123,Q237,3.36
USA_Male_18-29_Higher,USA,Male,18-29,Higher,123,Q238,1.68
USA_Male_18-29_Higher,USA,Male,18-29,Higher,123,Q24,1.32
USA_Male_18-29_Higher,USA,Male,18-29,Higher,123,Q240,4.21
USA_Male_18-29_Higher,USA,Male,18-29,Higher,123,Q241,5.78
USA_Male_18-29_Higher,USA,Male,18-29,Higher,123,Q243,8.93
USA_Male_18-29_Higher,USA,Male,18-29,Higher,123,Q244,5.49
USA_Male_18-29_Higher,USA,Male,18-29,Higher,123,Q245,3.08
USA_Male_18-29_Higher,USA,Male,18-29,Higher,123,Q246,8.32
USA_Male_18-29_Higher,USA,Male,18-29,Higher,123,Q247,4.05
USA_Male_18-29_Higher,USA,Male,18-29,Higher,123,Q248,5.3
USA_Male_18-29_Higher,USA,Male,18-29,Higher,123,Q249,8.64
USA_Male_18-29_Higher,USA,Male,18-29,Higher,123,Q25,1.98
USA_Male_18-29_Higher,USA,Male,18-29,Higher,123,Q250,8.52
USA_Male_18-29_Higher,USA,Male,18-29,Higher,123,Q251,6.51
USA_Male_18-29_Higher,USA,Male,18-29,Higher,123,Q252,4.5
USA_Male_18-29_Higher,USA,Male,18-29,Higher,123,Q253,2.37
USA_Male_18-29_Higher,USA,Male,18-29,Higher,123,Q254,2.2
USA_Male_18-29_Higher,USA,Male,18-29,Higher,123,Q255,2.19
USA_Male_18-29_Higher,USA,Male,18-29,Higher,123,Q256,2.25
USA_Male_18-29_Higher,USA,Male,18-29,Higher,123,Q257,2.2
USA_Male_18-29_Higher,USA,Male,18-29,Higher,123,Q258,2.45
USA_Male_18-29_Higher,USA,Male,18-29,Higher,123,Q259,2.66
USA_Male_18-29_Higher,USA,Male,18-29,Higher,123,Q26,1.91
USA_Male_18-29_Higher,USA,Male,18-29,Higher,123,Q27,1.83
USA_Male_18-29_Higher,USA,Male,18-29,Higher,123,Q28,3.2
USA_Male_18-29_Higher,USA,Male,18-29,Higher,123,Q29,3.06
USA_Male_18-29_Higher,USA,Male,18-29,Higher,123,Q3,1.68
USA_Male_18-29_Higher,USA,Male,18-29,Higher,123,Q30,3.33
USA_Male_18-29_Higher,USA,Male,18-29,Higher,123,Q31,3.13
USA_Male_18-29_Higher,USA,Male,18-29,Higher,123,Q32,2.3
USA_Male_18-29_Higher,USA,Male,18-29,Higher,123,Q33,3.79
USA_Male_18-29_Higher,USA,Male,18-29,Higher,123,Q34,3.09
USA_Male_18-29_Higher,USA,Male,18-29,Higher,123,Q35,3.76
USA_Male_18-29_Higher,USA,Male,18-29,Higher,123,Q36,1.99
USA_Male_18-29_Higher,USA,Male,18-29,Higher,123,Q37,3.54
USA_Male_18-29_Higher,USA,Male,18-29,Higher,123,Q38,2.35
USA_Male_18-29_Higher,USA,Male,18-29,Higher,123,Q39,2.52
USA_Male_18-29_Higher,USA,Male,18-29,Higher,123,Q4,2.28
USA_Male_18-29_Higher,USA,Male,18-29,Higher,123,Q40,2.5
USA_Male_18-29_Higher,USA,Male,18-29,Higher,123,Q41,3.44
USA_Male_18-29_Higher,USA,Male,18-29,Higher,123,Q42,1.87
USA_Male_18-29_Higher,USA,Male,18-29,Higher,123,Q43,1.71
USA_Male_18-29_Higher,USA,Male,18-29,Higher,123,Q44,1.4
USA_Male_18-29_Higher,USA,Male,18-29,Higher,123,Q45,1.89
USA_Male_18-29_Higher,USA,Male,18-29,Higher,123,Q46,1.97
USA_Male_18-29_Higher,USA,Male,18-29,Higher,123,Q47,1.95
USA_Male_18-29_Higher,USA,Male,18-29,Higher,123,Q48,7.76
USA_Male_18-29_Higher,USA,Male,18-29,Higher,123,Q49,7.12
USA_Male_18-29_Higher,USA,Male,18-29,Higher,123,Q5,1.79
USA_Male_18-29_Higher,USA,Male,18-29,Higher,123,Q50,6.35
USA_Male_18-29_Higher,USA,Male,18-29,Higher,123,Q51,3.65
USA_Male_18-29_Higher,USA,Male,18-29,Higher,123,Q52,3.59
USA_Male_18-29_Higher,USA,Male,18-29,Higher,123,Q53,3.44
USA_Male_18-29_Higher,USA,Male,18-29,Higher,123,Q54,3.56
USA_Male_18-29_Higher,USA,Male,18-29,Higher,123,Q55,3.91
USA_Male_18-29_Higher,USA,Male,18-29,Higher,123,Q56,1.85
USA_Male_18-29_Higher,USA,Male,18-29,Higher,123,Q57,1.5
USA_Male_18-29_Higher,USA,Male,18-29,Higher,123,Q58,1.38
USA_Male_18-29_Higher,USA,Male,18-29,Higher,123,Q59,2.32
USA_Male_18-29_Higher,USA,Male,18-29,Higher,123,Q60,1.71
USA_Male_18-29_Higher,USA,Male,18-29,Higher,123,Q61,2.67
USA_Male_18-29_Higher,USA,Male,18-29,Higher,123,Q62,2.24
USA_Male_18-29_Higher,USA,Male,18-29,Higher,123,Q63,2.26
USA_Male_18-29_Higher,USA,Male,18-29,Higher,123,Q65,2.2
USA_Male_18-29_Higher,USA,Male,18-29,Higher,123,Q66,2.76
USA_Male_18-29_Higher,USA,Male,18-29,Higher,123,Q67,3.02
USA_Male_18-29_Higher,USA,Male,18-29,Higher,123,Q68,2.57
USA_Male_18-29_Higher,USA,Male,18-29,Higher,123,Q69,2.32
USA_Male_18-29_Higher,USA,Male,18-29,Higher,123,Q7,1.57
USA_Male_18-29_Higher,USA,Male,18-29,Higher,123,Q70,2.42
USA_Male_18-29_Higher,USA,Male,18-29,Higher,123,Q71,3.17
USA_Male_18-29_Higher,USA,Male,18-29,Higher,123,Q72,3.11
USA_Male_18-29_Higher,USA,Male,18-29,Higher,123,Q73,3.14
USA_Male_18-29_Higher,USA,Male,18-29,Higher,123,Q74,2.61
USA_Male_18-29_Higher,USA,Male,18-29,Higher,123,Q75,2.29
USA_Male_18-29_Higher,USA,Male,18-29,Higher,123,Q76,2.44
USA_Male_18-29_Higher,USA,Male,18-29,Higher,123,Q77,2.75
USA_Male_18-29_Higher,USA,Male,18-29,Higher,123,Q78,2.81
USA_Male_18-29_Higher,USA,Male,18-29,Higher,123,Q79,2.23
USA_Male_18-29_Higher,USA,Male,18-29,Higher,123,Q8,1.5
USA_Male_18-29_Higher,USA,Male,18-29,Higher,123,Q80,2.37
USA_Male_18-29_Higher,USA,Male,18-29,Higher,123,Q81,2.12
USA_Male_18-29_Higher,USA,Male,18-29,Higher,123,Q82,2.44
USA_Male_18-29_Higher,USA,Male,18-29,Higher,123,Q83,2.43
USA_Male_18-29_Higher,USA,Male,18-29,Higher,123,Q84,2.66
USA_Male_18-29_Higher,USA,Male,18-29,Higher,123,Q85,2.65
USA_Male_18-29_Higher,USA,Male,18-29,Higher,123,Q86,2.38
USA_Male_18-29_Higher,USA,Male,18-29,Higher,123,Q87,2.7
USA_Male_18-29_Higher,USA,Male,18-29,Higher,123,Q88,2.09
USA_Male_18-29_Higher,USA,Male,18-29,Higher,123,Q89,2.56
USA_Male_18-29_Higher,USA,Male,18-29,Higher,123,Q9,1.29
USA_Male_18-29_Higher,USA,Male,18-29,Higher,123,Q90,5.34
USA_Male_18-29_Higher,USA,Male,18-29,Higher,123,Q95,0.54
USA_Male_18-29_Higher,USA,Male,18-29,Higher,123,Q96,0.86
USA_Male_18-29_Higher,USA,Male,18-29,Higher,123,Q97,0.34
USA_Male_18-29_Higher,USA,Male,18-29,Higher,123,Q98,0.83
USA_Male_18-29_Higher,USA,Male,18-29,Higher,123,Q99,0.34
USA_Male_18-29_Medium,USA,Male,18-29,Medium,106,Q1,1.24
USA_Male_18-29_Medium,USA,Male,18-29,Medium,106,Q10,1.46
USA_Male_18-29_Medium,USA,Male,18-29,Medium,106,Q100,0.28
USA_Male_18-29_Medium,USA,Male,18-29,Medium,106,Q101,0.33
USA_Male_18-29_Medium,USA,Male,18-29,Medium,106,Q102,0.24
USA_Male_18-29_Medium,USA,Male,18-29,Medium,106,Q103,0.19
USA_Male_18-29_Medium,USA,Male,18-29,Medium,106,Q104,0.12
USA_Male_18-29_Medium,USA,Male,18-29,Medium,106,Q105,0.27
USA_Male_18-29_Medium,USA,Male,18-29,Medium,106,Q106,4.94
USA_Male_18-29_Medium,USA,Male,18-29,Medium,106,Q107,4.3
USA_Male_18-29_Medium,USA,Male,18-29,Medium,106,Q108,5.2
USA_Male_18-29_Medium,USA,Male,18-29,Medium,106,Q109,3.54
USA_Male_18-29_Medium,USA,Male,18-29,Medium,106,Q11,1.58
USA_Male_18-29_Medium,USA,Male,18-29,Medium,106,Q110,4.2
USA_Male_18-29_Medium,USA,Male,18-29,Medium,106,Q111,1.54
USA_Male_18-29_Medium,USA,Male,18-29,Medium,106,Q112,8.08
USA_Male_18-29_Medium,USA,Male,18-29,Medium,106,Q113,2.4
USA_Male_18-29_Medium,USA,Male,18-29,Medium,106,Q114,2.62
USA_Male_18-29_Medium,USA,Male,18-29,Medium,106,Q115,2.25
USA_Male_18-29_Medium,USA,Male,18-29,Medium,106,Q116,2.23
USA_Male_18-29_Medium,USA,Male,18-29,Medium,106,Q117,2.61
USA_Male_18-29_Medium,USA,Male,18-29,Medium,106,Q118,1.99
USA_Male_18-29_Medium,USA,Male,18-29,Medium,106,Q119,2.12
USA_Male_18-29_Medium,USA,Male,18-29,Medium,106,Q12,1.36
USA_Male_18-29_Medium,USA,Male,18-29,Medium,106,Q120,5.79
USA_Male_18-29_Medium,USA,Male,18-29,Medium,106,Q121,3.21
USA_Male_18-29_Medium,USA,Male,18-29,Medium,106,Q122,1.49
USA_Male_18-29_Medium,USA,Male,18-29,Medium,106,Q123,1.44
USA_Male_18-29_Medium,USA,Male,18-29,Medium,106,Q124,0.97
USA_Male_18-29_Medium,USA,Male,18-29,Medium,106,Q125,1.09
USA_Male_18-29_Medium,USA,Male,18-29,Medium,106,Q126,1.04
USA_Male_18-29_Medium,USA,Male,18-29,Medium,106,Q127,1.25
USA_Male_18-29_Medium,USA,Male,18-29,Medium,106,Q128,1.03
USA_Male_18-29_Medium,USA,Male,18-29,Medium,106,Q129,1.23
USA_Male_18-29_Medium,USA,Male,18-29,Medium,106,Q13,1.78
USA_Male_18-29_Medium,USA,Male,18-29,Medium,106,Q130,2.26
USA_Male_18-29_Medium,USA,Male,18-29,Medium,106,Q131,2.26
USA_Male_18-29_Medium,USA,Male,18-29,Medium,106,Q132,2.92
USA_Male_18-29_Medium,USA,Male,18-29,Medium,106,Q133,2.75
USA_Male_18-29_Medium,USA,Male,18-29,Medium,106,Q134,3.06
USA_Male_18-29_Medium,USA,Male,18-29,Medium,106,Q135,2.72
USA_Male_18-29_Medium,USA,Male,18-29,Medium,106,Q136,2.7
USA_Male_18-29_Medium,USA,Male,18-29,Medium,106,Q137,2.97
USA_Male_18-29_Medium,USA,Male,18-29,Medium,106,Q138,2.97
USA_Male_18-29_Medium,USA,Male,18-29,Medium,106,Q139,1.4
USA_Male_18-29_Medium,USA,Male,18-29,Medium,106,Q14,1.57
USA_Male_18-29_Medium,USA,Male,18-29,Medium,106,Q140,1.61
USA_Male_18-29_Medium,USA,Male,18-29,Medium,106,Q141,1.57
USA_Male_18-29_Medium,USA,Male,18-29,Medium,106,Q142,2.64
USA_Male_18-29_Medium,USA,Male,18-29,Medium,106,Q143,2.7
USA_Male_18-29_Medium,USA,Male,18-29,Medium,106,Q144,1.86
USA_Male_18-29_Medium,USA,Male,18-29,Medium,106,Q145,1.8
USA_Male_18-29_Medium,USA,Male,18-29,Medium,106,Q146,1.96
USA_Male_18-29_Medium,USA,Male,18-29,Medium,106,Q147,2.27
USA_Male_18-29_Medium,USA,Male,18-29,Medium,106,Q148,2.67
USA_Male_18-29_Medium,USA,Male,18-29,Medium,106,Q149,1.36
USA_Male_18-29_Medium,USA,Male,18-29,Medium,106,Q150,1.31
USA_Male_18-29_Medium,USA,Male,18-29,Medium,106,Q151,1.5
USA_Male_18-29_Medium,USA,Male,18-29,Medium,106,Q152,1.89
USA_Male_18-29_Medium,USA,Male,18-29,Medium,106,Q153,1.81
USA_Male_18-29_Medium,USA,Male,18-29,Medium,106,Q154,2.34
USA_Male_18-29_Medium,USA,Male,18-29,Medium,106,Q155,2.49
USA_Male_18-29_Medium,USA,Male,18-29,Medium,106,Q156,1.71
USA_Male_18-29_Medium,USA,Male,18-29,Medium,106,Q157,2.78
USA_Male_18-29_Medium,USA,Male,18-29,Medium,106,Q158,6.84
USA_Male_18-29_Medium,USA,Male,18-29,Medium,106,Q159,6.79
USA_Male_18-29_Medium,USA,Male,18-29,Medium,106,Q16,1.73
USA_Male_18-29_Medium,USA,Male,18-29,Medium,106,Q161,4.44
USA_Male_18-29_Medium,USA,Male,18-29,Medium,106,Q162,3.84
USA_Male_18-29_Medium,USA,Male,18-29,Medium,106,Q163,7.17
USA_Male_18-29_Medium,USA,Male,18-29,Medium,106,Q17,1.84
USA_Male_18-29_Medium,USA,Male,18-29,Medium,106,Q176,5.17
USA_Male_18-29_Medium,USA,Male,18-29,Medium,106,Q177,3.24
USA_Male_18-29_Medium,USA,Male,18-29,Medium,106,Q178,4.06
USA_Male_18-29_Medium,USA,Male,18-29,Medium,106,Q179,2.34
USA_Male_18-29_Medium,USA,Male,18-29,Medium,106,Q18,1.1
USA_Male_18-29_Medium,USA,Male,18-29,Medium,106,Q180,2.82
USA_Male_18-29_Medium,USA,Male,18-29,Medium,106,Q181,2.7
USA_Male_18-29_Medium,USA,Male,18-29,Medium,106,Q182,6.63
USA_Male_18-29_Medium,USA,Male,18-29,Medium,106,Q183,4.49
USA_Male_18-29_Medium,USA,Male,18-29,Medium,106,Q184,5.19
USA_Male_18-29_Medium,USA,Male,18-29,Medium,106,Q185,6.11
USA_Male_18-29_Medium,USA,Male,18-29,Medium,106,Q186,6.76
USA_Male_18-29_Medium,USA,Male,18-29,Medium,106,Q187,3.34
USA_Male_18-29_Medium,USA,Male,18-29,Medium,106,Q188,5.09
USA_Male_18-29_Medium,USA,Male,18-29,Medium,106,Q189,1.76
USA_Male_18-29_Medium,USA,Male,18-29,Medium,106,Q19,1.96
USA_Male_18-29_Medium,USA,Male,18-29,Medium,106,Q190,2.66
USA_Male_18-29_Medium,USA,Male,18-29,Medium,106,Q191,3.35
USA_Male_18-29_Medium,USA,Male,18-29,Medium,106,Q192,1.85
USA_Male_18-29_Medium,USA,Male,18-29,Medium,106,Q193,6.79
USA_Male_18-29_Medium,USA,Male,18-29,Medium,106,Q194,2.53
USA_Male_18-29_Medium,USA,Male,18-29,Medium,106,Q195,5.37
USA_Male_18-29_Medium,USA,Male,18-29,Medium,106,Q196,2.39
USA_Male_18-29_Medium,USA,Male,18-29,Medium,106,Q197,3.32
USA_Male_18-29_Medium,USA,Male,18-29,Medium,106,Q198,3.17
USA_Male_18-29_Medium,USA,Male,18-29,Medium,106,Q199,2.54
USA_Male_18-29_Medium,USA,Male,18-29,Medium,106,Q2,1.58
USA_Male_18-29_Medium,USA,Male,18-29,Medium,106,Q20,1.79
USA_Male_18-29_Medium,USA,Male,18-29,Medium,106,Q200,1.6
USA_Male_18-29_Medium,USA,Male,18-29,Medium,106,Q201,3.87
USA_Male_18-29_Medium,USA,Male,18-29,Medium,106,Q202,3.03
USA_Male_18-29_Medium,USA,Male,18-29,Medium,106,Q203,3.2
USA_Male_18-29_Medium,USA,Male,18-29,Medium,106,Q204,1.63
USA_Male_18-29_Medium,USA,Male,18-29,Medium,106,Q205,3.04
USA_Male_18-29_Medium,USA,Male,18-29,Medium,106,Q206,1.65
USA_Male_18-29_Medium,USA,Male,18-29,Medium,106,Q207,2.23
USA_Male_18-29_Medium,USA,Male,18-29,Medium,106,Q208,2.36
USA_Male_18-29_Medium,USA,Male,18-29,Medium,106,Q209,1.8
USA_Male_18-29_Medium,USA,Male,18-29,Medium,106,Q21,1.95
USA_Male_18-29_Medium,USA,Male,18-29,Medium,106,Q210,2.32
USA_Male_18-29_Medium,USA,Male,18-29,Medium,106,Q211,2.21
USA_Male_18-29_Medium,USA,Male,18-29,Medium,106,Q212,2.44
USA_Male_18-29_Medium,USA,Male,18-29,Medium,106,Q213,2.05
USA_Male_18-29_Medium,USA,Male,18-29,Medium,106,Q214,2.16
USA_Male_18-29_Medium,USA,Male,18-29,Medium,106,Q216,1.82
USA_Male_18-29_Medium,USA,Male,18-29,Medium,106,Q217,1.6
USA_Male_18-29_Medium,USA,Male,18-29,Medium,106,Q218,1.81
USA_Male_18-29_Medium,USA,Male,18-29,Medium,106,Q219,1.98
USA_Male_18-29_Medium,USA,Male,18-29,Medium,106,Q22,1.9
USA_Male_18-29_Medium,USA,Male,18-29,Medium,106,Q220,2.45
USA_Male_18-29_Medium,USA,Male,18-29,Medium,106,Q221,2.25
USA_Male_18-29_Medium,USA,Male,18-29,Medium,106,Q222,1.95
USA_Male_18-29_Medium,USA,Male,18-29,Medium,106,Q223,603498.15
USA_Male_18-29_Medium,USA,Male,18-29,Medium,106,Q224,2.35
USA_Male_18-29_Medium,USA,Male,18-29,Medium,106,Q225,2.46
USA_Male_18-29_Medium,USA,Male,18-29,Medium,106,Q226,2.27
USA_Male_18-29_Medium,USA,Male,18-29,Medium,106,Q227,2.67
USA_Male_18-29_Medium,USA,Male,18-29,Medium,106,Q228,2.82
USA_Male_18-29_Medium,USA,Male,18-29,Medium,106,Q229,2.65
USA_Male_18-29_Medium,USA,Male,18-29,Medium,106,Q23,1.96
USA_Male_18-29_Medium,USA,Male,18-29,Medium,106,Q230,2.1
USA_Male_18-29_Medium,USA,Male,18-29,Medium,106,Q231,2.94
USA_Male_18-29_Medium,USA,Male,18-29,Medium,106,Q232,2.52
USA_Male_18-29_Medium,USA,Male,18-29,Medium,106,Q233,2.32
USA_Male_18-29_Medium,USA,Male,18-29,Medium,106,Q234,1.76
USA_Male_18-29_Medium,USA,Male,18-29,Medium,106,Q235,2.65
USA_Male_18-29_Medium,USA,Male,18-29,Medium,106,Q236,2.32
USA_Male_18-29_Medium,USA,Male,18-29,Medium,106,Q237,3.11
USA_Male_18-29_Medium,USA,Male,18-29,Medium,106,Q238,2.03
USA_Male_18-29_Medium,USA,Male,18-29,Medium,106,Q24,1.28
USA_Male_18-29_Medium,USA,Male,18-29,Medium,106,Q240,4.92
USA_Male_18-29_Medium,USA,Male,18-29,Medium,106,Q241,5.71
USA_Male_18-29_Medium,USA,Male,18-29,Medium,106,Q243,7.4
USA_Male_18-29_Medium,USA,Male,18-29,Medium,106,Q244,5.5
USA_Male_18-29_Medium,USA,Male,18-29,Medium,106,Q245,4.09
USA_Male_18-29_Medium,USA,Male,18-29,Medium,106,Q246,7.58
USA_Male_18-29_Medium,USA,Male,18-29,Medium,106,Q247,4.73
USA_Male_18-29_Medium,USA,Male,18-29,Medium,106,Q248,4.48
USA_Male_18-29_Medium,USA,Male,18-29,Medium,106,Q249,7.83
USA_Male_18-29_Medium,USA,Male,18-29,Medium,106,Q25,1.97
USA_Male_18-29_Medium,USA,Male,18-29,Medium,106,Q250,7.16
USA_Male_18-29_Medium,USA,Male,18-29,Medium,106,Q251,5.54
USA_Male_18-29_Medium,USA,Male,18-29,Medium,106,Q252,4.07
USA_Male_18-29_Medium,USA,Male,18-29,Medium,106,Q253,2.46
USA_Male_18-29_Medium,USA,Male,18-29,Medium,106,Q254,2.22
USA_Male_18-29_Medium,USA,Male,18-29,Medium,106,Q255,2.31
USA_Male_18-29_Medium,USA,Male,18-29,Medium,106,Q256,2.33
USA_Male_18-29_Medium,USA,Male,18-29,Medium,106,Q257,2.31
USA_Male_18-29_Medium,USA,Male,18-29,Medium,106,Q258,2.46
USA_Male_18-29_Medium,USA,Male,18-29,Medium,106,Q259,2.62
USA_Male_18-29_Medium,USA,Male,18-29,Medium,106,Q26,1.91
USA_Male_18-29_Medium,USA,Male,18-29,Medium,106,Q27,1.75
USA_Male_18-29_Medium,USA,Male,18-29,Medium,106,Q28,2.99
USA_Male_18-29_Medium,USA,Male,18-29,Medium,106,Q29,2.92
USA_Male_18-29_Medium,USA,Male,18-29,Medium,106,Q3,1.69
USA_Male_18-29_Medium,USA,Male,18-29,Medium,106,Q30,3.12
USA_Male_18-29_Medium,USA,Male,18-29,Medium,106,Q31,2.97
USA_Male_18-29_Medium,USA,Male,18-29,Medium,106,Q32,2.36
USA_Male_18-29_Medium,USA,Male,18-29,Medium,106,Q33,3.48
USA_Male_18-29_Medium,USA,Male,18-29,Medium,106,Q34,2.76
USA_Male_18-29_Medium,USA,Male,18-29,Medium,106,Q35,3.54
USA_Male_18-29_Medium,USA,Male,18-29,Medium,106,Q36,2.43
USA_Male_18-29_Medium,USA,Male,18-29,Medium,106,Q37,3.46
USA_Male_18-29_Medium,USA,Male,18-29,Medium,106,Q38,2.63
USA_Male_18-29_Medium,USA,Male,18-29,Medium,106,Q39,2.46
USA_Male_18-29_Medium,USA,Male,18-29,Medium,106,Q4,2.57
USA_Male_18-29_Medium,USA,Male,18-29,Medium,106,Q40,2.39
USA_Male_18-29_Medium,USA,Male,18-29,Medium,106,Q41,3.1
USA_Male_18-29_Medium,USA,Male,18-29,Medium,106,Q42,1.82
USA_Male_18-29_Medium,USA,Male,18-29,Medium,106,Q43,1.76
USA_Male_18-29_Medium,USA,Male,18-29,Medium,106,Q44,1.48
USA_Male_18-29_Medium,USA,Male,18-29,Medium,106,Q45,1.67
USA_Male_18-29_Medium,USA,Male,18-29,Medium,106,Q46,2.07
USA_Male_18-29_Medium,USA,Male,18-29,Medium,106,Q47,2.28
USA_Male_18-29_Medium,USA,Male,18-29,Medium,106,Q48,7.57
USA_Male_18-29_Medium,USA,Male,18-29,Medium,106,Q49,6.44
USA_Male_18-29_Medium,USA,Male,18-29,Medium,106,Q5,1.79
USA_Male_18-29_Medium,USA,Male,18-29,Medium,106,Q50,5.67
USA_Male_18-29_Medium,USA,Male,18-29,Medium,106,Q51,3.28
USA_Male_18-29_Medium,USA,Male,18-29,Medium,106,Q52,3.47
USA_Male_18-29_Medium,USA,Male,18-29,Medium,106,Q53,3.15
USA_Male_18-29_Medium,USA,Male,18-29,Medium,106,Q54,3.14
USA_Male_18-29_Medium,USA,Male,18-29,Medium,106,Q55,3.75
USA_Male_18-29_Medium,USA,Male,18-29,Medium,106,Q56,1.96
USA_Male_18-29_Medium,USA,Male,18-29,Medium,106,Q57,1.7
USA_Male_18-29_Medium,USA,Male,18-29,Medium,106,Q58,1.58
USA_Male_18-29_Medium,USA,Male,18-29,Medium,106,Q59,2.55
USA_Male_18-29_Medium,USA,Male,18-29,Medium,106,Q60,1.87
USA_Male_18-29_Medium,USA,Male,18-29,Medium,106,Q61,2.96
USA_Male_18-29_Medium,USA,Male,18-29,Medium,106,Q62,2.5
USA_Male_18-29_Medium,USA,Male,18-29,Medium,106,Q63,2.35
USA_Male_18-29_Medium,USA,Male,18-29,Medium,106,Q65,2.18
USA_Male_18-29_Medium,USA,Male,18-29,Medium,106,Q66,3.06
USA_Male_18-29_Medium,USA,Male,18-29,Medium,106,Q67,3.01
USA_Male_18-29_Medium,USA,Male,18-29,Medium,106,Q68,2.71
USA_Male_18-29_Medium,USA,Male,18-29,Medium,106,Q69,2.5
USA_Male_18-29_Medium,USA,Male,18-29,Medium,106,Q7,1.45
USA_Male_18-29_Medium,USA,Male,18-29,Medium,106,Q70,2.67
USA_Male_18-29_Medium,USA,Male,18-29,Medium,106,Q71,3.09
USA_Male_18-29_Medium,USA,Male,18-29,Medium,106,Q72,3.22
USA_Male_18-29_Medium,USA,Male,18-29,Medium,106,Q73,3.11
USA_Male_18-29_Medium,USA,Male,18-29,Medium,106,Q74,2.78
USA_Male_18-29_Medium,USA,Male,18-29,Medium,106,Q75,2.6
USA_Male_18-29_Medium,USA,Male,18-29,Medium,106,Q76,2.94
USA_Male_18-29_Medium,USA,Male,18-29,Medium,106,Q77,2.91
USA_Male_18-29_Medium,USA,Male,18-29,Medium,106,Q78,2.78
USA_Male_18-29_Medium,USA,Male,18-29,Medium,106,Q79,2.52
USA_Male_18-29_Medium,USA,Male,18-29,Medium,106,Q8,1.47
USA_Male_18-29_Medium,USA,Male,18-29,Medium,106,Q80,2.69
USA_Male_18-29_Medium,USA,Male,18-29,Medium,106,Q81,2.45
USA_Male_18-29_Medium,USA,Male,18-29,Medium,106,Q82,2.82
USA_Male_18-29_Medium,USA,Male,18-29,Medium,106,Q83,2.6
USA_Male_18-29_Medium,USA,Male,18-29,Medium,106,Q84,2.89
USA_Male_18-29_Medium,USA,Male,18-29,Medium,106,Q85,2.81
USA_Male_18-29_Medium,USA,Male,18-29,Medium,106,Q86,2.68
USA_Male_18-29_Medium,USA,Male,18-29,Medium,106,Q87,2.85
USA_Male_18-29_Medium,USA,Male,18-29,Medium,106,Q88,2.6
USA_Male_18-29_Medium,USA,Male,18-29,Medium,106,Q89,2.75
USA_Male_18-29_Medium,USA,Male,18-29,Medium,106,Q9,1.25
USA_Male_18-29_Medium,USA,Male,18-29,Medium,106,Q90,5.36
USA_Male_18-29_Medium,USA,Male,18-29,Medium,106,Q95,0.45
USA_Male_18-29_Medium,USA,Male,18-29,Medium,106,Q96,0.53
USA_Male_18-29_Medium,USA,Male,18-29,Medium,106,Q97,0.29
USA_Male_18-29_Medium,USA,Male,18-29,Medium,106,Q98,0.49
USA_Male_18-29_Medium,USA,Male,18-29,Medium,106,Q99,0.25
USA_Male_30-49_Medium,USA,Male,30-49,Medium,190,Q1,1.12
USA_Male_30-49_Medium,USA,Male,30-49,Medium,190,Q10,1.43
USA_Male_30-49_Medium,USA,Male,30-49,Medium,190,Q100,0.42
USA_Male_30-49_Medium,USA,Male,30-49,Medium,190,Q101,0.43
USA_Male_30-49_Medium,USA,Male,30-49,Medium,190,Q102,0.22
USA_Male_30-49_Medium,USA,Male,30-49,Medium,190,Q103,0.22
USA_Male_30-49_Medium,USA,Male,30-49,Medium,190,Q104,0.1
USA_Male_30-49_Medium,USA,Male,30-49,Medium,190,Q105,0.33
USA_Male_30-49_Medium,USA,Male,30-49,Medium,190,Q106,5.1
USA_Male_30-49_Medium,USA,Male,30-49,Medium,190,Q107,3.58
USA_Male_30-49_Medium,USA,Male,30-49,Medium,190,Q108,5.64
USA_Male_30-49_Medium,USA,Male,30-49,Medium,190,Q109,3.28
USA_Male_30-49_Medium,USA,Male,30-49,Medium,190,Q11,1.69
USA_Male_30-49_Medium,USA,Male,30-49,Medium,190,Q110,4.1
USA_Male_30-49_Medium,USA,Male,30-49,Medium,190,Q111,1.56
USA_Male_30-49_Medium,USA,Male,30-49,Medium,190,Q112,8.1
USA_Male_30-49_Medium,USA,Male,30-49,Medium,190,Q113,2.46
USA_Male_30-49_Medium,USA,Male,30-49,Medium,190,Q114,2.54
USA_Male_30-49_Medium,USA,Male,30-49,Medium,190,Q115,2.34
USA_Male_30-49_Medium,USA,Male,30-49,Medium,190,Q116,2.26
USA_Male_30-49_Medium,USA,Male,30-49,Medium,190,Q117,2.5
USA_Male_30-49_Medium,USA,Male,30-49,Medium,190,Q118,1.99
USA_Male_30-49_Medium,USA,Male,30-49,Medium,190,Q119,1.89
USA_Male_30-49_Medium,USA,Male,30-49,Medium,190,Q12,1.37
USA_Male_30-49_Medium,USA,Male,30-49,Medium,190,Q120,5.57
USA_Male_30-49_Medium,USA,Male,30-49,Medium,190,Q121,3.1
USA_Male_30-49_Medium,USA,Male,30-49,Medium,190,Q122,1.33
USA_Male_30-49_Medium,USA,Male,30-49,Medium,190,Q123,1.41
USA_Male_30-49_Medium,USA,Male,30-49,Medium,190,Q124,1.37
USA_Male_30-49_Medium,USA,Male,30-49,Medium,190,Q125,1.28
USA_Male_30-49_Medium,USA,Male,30-49,Medium,190,Q126,1.32
USA_Male_30-49_Medium,USA,Male,30-49,Medium,190,Q127,1.31
USA_Male_30-49_Medium,USA,Male,30-49,Medium,190,Q128,1.29
USA_Male_30-49_Medium,USA,Male,30-49,Medium,190,Q129,1.45
USA_Male_30-49_Medium,USA,Male,30-49,Medium,190,Q13,1.75
USA_Male_30-49_Medium,USA,Male,30-49,Medium,190,Q130,2.5
USA_Male_30-49_Medium,USA,Male,30-49,Medium,190,Q131,2.43
USA_Male_30-49_Medium,USA,Male,30-49,Medium,190,Q132,2.92
USA_Male_30-49_Medium,USA,Male,30-49,Medium,190,Q133,2.77
USA_Male_30-49_Medium,USA,Male,30-49,Medium,190,Q134,3.13
USA_Male_30-49_Medium,USA,Male,30-49,Medium,190,Q135,2.85
USA_Male_30-49_Medium,USA,Male,30-49,Medium,190,Q136,2.83
USA_Male_30-49_Medium,USA,Male,30-49,Medium,190,Q137,3.07
USA_Male_30-49_Medium,USA,Male,30-49,Medium,190,Q138,3.07
USA_Male_30-49_Medium,USA,Male,30-49,Medium,190,Q139,1.45
USA_Male_30-49_Medium,USA,Male,30-49,Medium,190,Q14,1.57
USA_Male_30-49_Medium,USA,Male,30-49,Medium,190,Q140,1.6
USA_Male_30-49_Medium,USA,Male,30-49,Medium,190,Q141,1.48
USA_Male_30-49_Medium,USA,Male,30-49,Medium,190,Q142,2.6
USA_Male_30-49_Medium,USA,Male,30-49,Medium,190,Q143,2.55
USA_Male_30-49_Medium,USA,Male,30-49,Medium,190,Q144,1.82
USA_Male_30-49_Medium,USA,Male,30-49,Medium,190,Q145,1.79
USA_Male_30-49_Medium,USA,Male,30-49,Medium,190,Q146,1.99
USA_Male_30-49_Medium,USA,Male,30-49,Medium,190,Q147,2.09
USA_Male_30-49_Medium,USA,Male,30-49,Medium,190,Q148,2.62
USA_Male_30-49_Medium,USA,Male,30-49,Medium,190,Q149,1.26
USA_Male_30-49_Medium,USA,Male,30-49,Medium,190,Q150,1.32
USA_Male_30-49_Medium,USA,Male,30-49,Medium,190,Q151,1.24
USA_Male_30-49_Medium,USA,Male,30-49,Medium,190,Q152,1.82
USA_Male_30-49_Medium,USA,Male,30-49,Medium,190,Q153,1.81
USA_Male_30-49_Medium,USA,Male,30-49,Medium,190,Q154,2.18
USA_Male_30-49_Medium,USA,Male,30-49,Medium,190,Q155,2.6
USA_Male_30-49_Medium,USA,Male,30-49,Medium,190,Q156,1.9
USA_Male_30-49_Medium,USA,Male,30-49,Medium,190,Q157,2.62
USA_Male_30-49_Medium,USA,Male,30-49,Medium,190,Q158,7.13
USA_Male_30-49_Medium,USA,Male,30-49,Medium,190,Q159,6.99
USA_Male_30-49_Medium,USA,Male,30-49,Medium,190,Q16,1.74
USA_Male_30-49_Medium,USA,Male,30-49,Medium,190,Q161,4.27
USA_Male_30-49_Medium,USA,Male,30-49,Medium,190,Q162,3.97
USA_Male_30-49_Medium,USA,Male,30-49,Medium,190,Q163,7.35
USA_Male_30-49_Medium,USA,Male,30-49,Medium,190,Q17,1.78
USA_Male_30-49_Medium,USA,Male,30-49,Medium,190,Q176,4.9
USA_Male_30-49_Medium,USA,Male,30-49,Medium,190,Q177,2.92
USA_Male_30-49_Medium,USA,Male,30-49,Medium,190,Q178,3
USA_Male_30-49_Medium,USA,Male,30-49,Medium,190,Q179,2.1
USA_Male_30-49_Medium,USA,Male,30-49,Medium,190,Q18,1.06
USA_Male_30-49_Medium,USA,Male,30-49,Medium,190,Q180,2.45
USA_Male_30-49_Medium,USA,Male,30-49,Medium,190,Q181,1.89
USA_Male_30-49_Medium,USA,Male,30-49,Medium,190,Q182,5.79
USA_Male_30-49_Medium,USA,Male,30-49,Medium,190,Q183,4.32
USA_Male_30-49_Medium,USA,Male,30-49,Medium,190,Q184,5.16
USA_Male_30-49_Medium,USA,Male,30-49,Medium,190,Q185,6.29
USA_Male_30-49_Medium,USA,Male,30-49,Medium,190,Q186,7.04
USA_Male_30-49_Medium,USA,Male,30-49,Medium,190,Q187,3.15
USA_Male_30-49_Medium,USA,Male,30-49,Medium,190,Q188,5.54
USA_Male_30-49_Medium,USA,Male,30-49,Medium,190,Q189,1.83
USA_Male_30-49_Medium,USA,Male,30-49,Medium,190,Q19,1.94
USA_Male_30-49_Medium,USA,Male,30-49,Medium,190,Q190,2.41
USA_Male_30-49_Medium,USA,Male,30-49,Medium,190,Q191,3.14
USA_Male_30-49_Medium,USA,Male,30-49,Medium,190,Q192,1.86
USA_Male_30-49_Medium,USA,Male,30-49,Medium,190,Q193,6.53
USA_Male_30-49_Medium,USA,Male,30-49,Medium,190,Q194,2.66
USA_Male_30-49_Medium,USA,Male,30-49,Medium,190,Q195,6.3
USA_Male_30-49_Medium,USA,Male,30-49,Medium,190,Q196,2.32
USA_Male_30-49_Medium,USA,Male,30-49,Medium,190,Q197,3.2
USA_Male_30-49_Medium,USA,Male,30-49,Medium,190,Q198,3.13
USA_Male_30-49_Medium,USA,Male,30-49,Medium,190,Q199,2.32
USA_Male_30-49_Medium,USA,Male,30-49,Medium,190,Q2,1.79
USA_Male_30-49_Medium,USA,Male,30-49,Medium,190,Q20,1.84
USA_Male_30-49_Medium,USA,Male,30-49,Medium,190,Q200,1.48
USA_Male_30-49_Medium,USA,Male,30-49,Medium,190,Q201,3.51
USA_Male_30-49_Medium,USA,Male,30-49,Medium,190,Q202,2.11
USA_Male_30-49_Medium,USA,Male,30-49,Medium,190,Q203,2.58
USA_Male_30-49_Medium,USA,Male,30-49,Medium,190,Q204,1.88
USA_Male_30-49_Medium,USA,Male,30-49,Medium,190,Q205,2.63
USA_Male_30-49_Medium,USA,Male,30-49,Medium,190,Q206,1.47
USA_Male_30-49_Medium,USA,Male,30-49,Medium,190,Q207,2.21
USA_Male_30-49_Medium,USA,Male,30-49,Medium,190,Q208,2.06
USA_Male_30-49_Medium,USA,Male,30-49,Medium,190,Q209,1.6
USA_Male_30-49_Medium,USA,Male,30-49,Medium,190,Q21,1.85
USA_Male_30-49_Medium,USA,Male,30-49,Medium,190,Q210,2.11
USA_Male_30-49_Medium,USA,Male,30-49,Medium,190,Q211,2.18
USA_Male_30-49_Medium,USA,Male,30-49,Medium,190,Q212,2.22
USA_Male_30-49_Medium,USA,Male,30-49,Medium,190,Q213,1.91
USA_Male_30-49_Medium,USA,Male,30-49,Medium,190,Q214,1.92
USA_Male_30-49_Medium,USA,Male,30-49,Medium,190,Q216,1.57
USA_Male_30-49_Medium,USA,Male,30-49,Medium,190,Q217,1.61
USA_Male_30-49_Medium,USA,Male,30-49,Medium,190,Q218,1.78
USA_Male_30-49_Medium,USA,Male,30-49,Medium,190,Q219,1.91
USA_Male_30-49_Medium,USA,Male,30-49,Medium,190,Q22,1.82
USA_Male_30-49_Medium,USA,Male,30-49,Medium,190,Q220,2.47
USA_Male_30-49_Medium,USA,Male,30-49,Medium,190,Q221,2.01
USA_Male_30-49_Medium,USA,Male,30-49,Medium,190,Q222,1.76
USA_Male_30-49_Medium,USA,Male,30-49,Medium,190,Q223,699245.59
USA_Male_30-49_Medium,USA,Male,30-49,Medium,190,Q224,2.16
USA_Male_30-49_Medium,USA,Male,30-49,Medium,190,Q225,2.56
USA_Male_30-49_Medium,USA,Male,30-49,Medium,190,Q226,2.08
USA_Male_30-49_Medium,USA,Male,30-49,Medium,190,Q227,2.57
USA_Male_30-49_Medium,USA,Male,30-49,Medium,190,Q228,2.79
USA_Male_30-49_Medium,USA,Male,30-49,Medium,190,Q229,2.36
USA_Male_30-49_Medium,USA,Male,30-49,Medium,190,Q23,1.96
USA_Male_30-49_Medium,USA,Male,30-49,Medium,190,Q230,2.01
USA_Male_30-49_Medium,USA,Male,30-49,Medium,190,Q231,2.91
USA_Male_30-49_Medium,USA,Male,30-49,Medium,190,Q232,2.34
USA_Male_30-49_Medium,USA,Male,30-49,Medium,190,Q233,1.94
USA_Male_30-49_Medium,USA,Male,30-49,Medium,190,Q234,1.47
USA_Male_30-49_Medium,USA,Male,30-49,Medium,190,Q235,2.65
USA_Male_30-49_Medium,USA,Male,30-49,Medium,190,Q236,2.32
USA_Male_30-49_Medium,USA,Male,30-49,Medium,190,Q237,3.13
USA_Male_30-49_Medium,USA,Male,30-49,Medium,190,Q238,1.77
USA_Male_30-49_Medium,USA,Male,30-49,Medium,190,Q24,1.34
USA_Male_30-49_Medium,USA,Male,30-49,Medium,190,Q240,5.47
USA_Male_30-49_Medium,USA,Male,30-49,Medium,190,Q241,5.52
USA_Male_30-49_Medium,USA,Male,30-49,Medium,190,Q243,8.09
USA_Male_30-49_Medium,USA,Male,30-49,Medium,190,Q244,5.6
USA_Male_30-49_Medium,USA,Male,30-49,Medium,190,Q245,4.05
USA_Male_30-49_Medium,USA,Male,30-49,Medium,190,Q246,7.72
USA_Male_30-49_Medium,USA,Male,30-49,Medium,190,Q247,4.45
USA_Male_30-49_Medium,USA,Male,30-49,Medium,190,Q248,5.31
USA_Male_30-49_Medium,USA,Male,30-49,Medium,190,Q249,8.05
USA_Male_30-49_Medium,USA,Male,30-49,Medium,190,Q25,1.97
USA_Male_30-49_Medium,USA,Male,30-49,Medium,190,Q250,8.12
USA_Male_30-49_Medium,USA,Male,30-49,Medium,190,Q251,5.69
USA_Male_30-49_Medium,USA,Male,30-49,Medium,190,Q252,4.25
USA_Male_30-49_Medium,USA,Male,30-49,Medium,190,Q253,2.37
USA_Male_30-49_Medium,USA,Male,30-49,Medium,190,Q254,1.78
USA_Male_30-49_Medium,USA,Male,30-49,Medium,190,Q255,2.2
USA_Male_30-49_Medium,USA,Male,30-49,Medium,190,Q256,2.28
USA_Male_30-49_Medium,USA,Male,30-49,Medium,190,Q257,1.99
USA_Male_30-49_Medium,USA,Male,30-49,Medium,190,Q258,2.24
USA_Male_30-49_Medium,USA,Male,30-49,Medium,190,Q259,2.63
USA_Male_30-49_Medium,USA,Male,30-49,Medium,190,Q26,1.87
USA_Male_30-49_Medium,USA,Male,30-49,Medium,190,Q27,1.97
USA_Male_30-49_Medium,USA,Male,30-49,Medium,190,Q28,3.01
USA_Male_30-49_Medium,USA,Male,30-49,Medium,190,Q29,2.99
USA_Male_30-49_Medium,USA,Male,30-49,Medium,190,Q3,1.75
USA_Male_30-49_Medium,USA,Male,30-49,Medium,190,Q30,3.22
USA_Male_30-49_Medium,USA,Male,30-49,Medium,190,Q31,3.14
USA_Male_30-49_Medium,USA,Male,30-49,Medium,190,Q32,2.18
USA_Male_30-49_Medium,USA,Male,30-49,Medium,190,Q33,3.67
USA_Male_30-49_Medium,USA,Male,30-49,Medium,190,Q34,2.75
USA_Male_30-49_Medium,USA,Male,30-49,Medium,190,Q35,3.65
USA_Male_30-49_Medium,USA,Male,30-49,Medium,190,Q36,2.66
USA_Male_30-49_Medium,USA,Male,30-49,Medium,190,Q37,3.45
USA_Male_30-49_Medium,USA,Male,30-49,Medium,190,Q38,2.75
USA_Male_30-49_Medium,USA,Male,30-49,Medium,190,Q39,2.54
USA_Male_30-49_Medium,USA,Male,30-49,Medium,190,Q4,2.41
USA_Male_30-49_Medium,USA,Male,30-49,Medium,190,Q40,2.34
USA_Male_30-49_Medium,USA,Male,30-49,Medium,190,Q41,3.04
USA_Male_30-49_Medium,USA,Male,30-49,Medium,190,Q42,1.93
USA_Male_30-49_Medium,USA,Male,30-49,Medium,190,Q43,1.96
USA_Male_30-49_Medium,USA,Male,30-49,Medium,190,Q44,1.38
USA_Male_30-49_Medium,USA,Male,30-49,Medium,190,Q45,1.57
USA_Male_30-49_Medium,USA,Male,30-49,Medium,190,Q46,1.96
USA_Male_30-49_Medium,USA,Male,30-49,Medium,190,Q47,2.27
USA_Male_30-49_Medium,USA,Male,30-49,Medium,190,Q48,7.39
USA_Male_30-49_Medium,USA,Male,30-49,Medium,190,Q49,6.63
USA_Male_30-49_Medium,USA,Male,30-49,Medium,190,Q5,1.66
USA_Male_30-49_Medium,USA,Male,30-49,Medium,190,Q50,5.44
USA_Male_30-49_Medium,USA,Male,30-49,Medium,190,Q51,3.43
USA_Male_30-49_Medium,USA,Male,30-49,Medium,190,Q52,3.34
USA_Male_30-49_Medium,USA,Male,30-49,Medium,190,Q53,3.22
USA_Male_30-49_Medium,USA,Male,30-49,Medium,190,Q54,3.05
USA_Male_30-49_Medium,USA,Male,30-49,Medium,190,Q55,3.81
USA_Male_30-49_Medium,USA,Male,30-49,Medium,190,Q56,1.91
USA_Male_30-49_Medium,USA,Male,30-49,Medium,190,Q57,1.78
USA_Male_30-49_Medium,USA,Male,30-49,Medium,190,Q58,1.55
USA_Male_30-49_Medium,USA,Male,30-49,Medium,190,Q59,2.43
USA_Male_30-49_Medium,USA,Male,30-49,Medium,190,Q60,1.99
USA_Male_30-49_Medium,USA,Male,30-49,Medium,190,Q61,2.94
USA_Male_30-49_Medium,USA,Male,30-49,Medium,190,Q62,2.46
USA_Male_30-49_Medium,USA,Male,30-49,Medium,190,Q63,2.44
USA_Male_30-49_Medium,USA,Male,30-49,Medium,190,Q65,1.94
USA_Male_30-49_Medium,USA,Male,30-49,Medium,190,Q66,3.06
USA_Male_30-49_Medium,USA,Male,30-49,Medium,190,Q67,3.01
USA_Male_30-49_Medium,USA,Male,30-49,Medium,190,Q68,2.74
USA_Male_30-49_Medium,USA,Male,30-49,Medium,190,Q69,2.37
USA_Male_30-49_Medium,USA,Male,30-49,Medium,190,Q7,1.45
USA_Male_30-49_Medium,USA,Male,30-49,Medium,190,Q70,2.63
USA_Male_30-49_Medium,USA,Male,30-49,Medium,190,Q71,2.94
USA_Male_30-49_Medium,USA,Male,30-49,Medium,190,Q72,3.22
USA_Male_30-49_Medium,USA,Male,30-49,Medium,190,Q73,3.2
USA_Male_30-49_Medium,USA,Male,30-49,Medium,190,Q74,2.78
USA_Male_30-49_Medium,USA,Male,30-49,Medium,190,Q75,2.66
USA_Male_30-49_Medium,USA,Male,30-49,Medium,190,Q76,2.83
USA_Male_30-49_Medium,USA,Male,30-49,Medium,190,Q77,2.89
USA_Male_30-49_Medium,USA,Male,30-49,Medium,190,Q78,2.77
USA_Male_30-49_Medium,USA,Male,30-49,Medium,190,Q79,2.57
USA_Male_30-49_Medium,USA,Male,30-49,Medium,190,Q8,1.39
USA_Male_30-49_Medium,USA,Male,30-49,Medium,190,Q80,2.63
USA_Male_30-49_Medium,USA,Male,30-49,Medium,190,Q81,2.38
USA_Male_30-49_Medium,USA,Male,30-49,Medium,190,Q82,2.86
USA_Male_30-49_Medium,USA,Male,30-49,Medium,190,Q83,2.69
USA_Male_30-49_Medium,USA,Male,30-49,Medium,190,Q84,2.98
USA_Male_30-49_Medium,USA,Male,30-49,Medium,190,Q85,2.85
USA_Male_30-49_Medium,USA,Male,30-49,Medium,190,Q86,2.67
USA_Male_30-49_Medium,USA,Male,30-49,Medium,190,Q87,2.97
USA_Male_30-49_Medium,USA,Male,30-49,Medium,190,Q88,2.57
USA_Male_30-49_Medium,USA,Male,30-49,Medium,190,Q89,2.86
USA_Male_30-49_Medium,USA,Male,30-49,Medium,190,Q9,1.25
USA_Male_30-49_Medium,USA,Male,30-49,Medium,190,Q90,4.99
USA_Male_30-49_Medium,USA,Male,30-49,Medium,190,Q95,0.35
USA_Male_30-49_Medium,USA,Male,30-49,Medium,190,Q96,0.32
USA_Male_30-49_Medium,USA,Male,30-49,Medium,190,Q97,0.41
USA_Male_30-49_Medium,USA,Male,30-49,Medium,190,Q98,0.6
USA_Male_30-49_Medium,USA,Male,30-49,Medium,190,Q99,0.21
USA_Male_50-64_Higher,USA,Male,50-64,Higher,189,Q1,1.19
USA_Male_50-64_Higher,USA,Male,50-64,Higher,189,Q10,1.35
USA_Male_50-64_Higher,USA,Male,50-64,Higher,189,Q100,0.81
USA_Male_50-64_Higher,USA,Male,50-64,Higher,189,Q101,0.79
USA_Male_50-64_Higher,USA,Male,50-64,Higher,189,Q102,0.29
USA_Male_50-64_Higher,USA,Male,50-64,Higher,189,Q103,0.23
USA_Male_50-64_Higher,USA,Male,50-64,Higher,189,Q104,0.02
USA_Male_50-64_Higher,USA,Male,50-64,Higher,189,Q105,0.5
USA_Male_50-64_Higher,USA,Male,50-64,Higher,189,Q106,5.11
USA_Male_50-64_Higher,USA,Male,50-64,Higher,189,Q107,3.16
USA_Male_50-64_Higher,USA,Male,50-64,Higher,189,Q108,5.88
USA_Male_50-64_Higher,USA,Male,50-64,Higher,189,Q109,2.48
USA_Male_50-64_Higher,USA,Male,50-64,Higher,189,Q11,1.67
USA_Male_50-64_Higher,USA,Male,50-64,Higher,189,Q110,3.28
USA_Male_50-64_Higher,USA,Male,50-64,Higher,189,Q111,1.69
USA_Male_50-64_Higher,USA,Male,50-64,Higher,189,Q112,7.48
USA_Male_50-64_Higher,USA,Male,50-64,Higher,189,Q113,2.28
USA_Male_50-64_Higher,USA,Male,50-64,Higher,189,Q114,2.34
USA_Male_50-64_Higher,USA,Male,50-64,Higher,189,Q115,2.19
USA_Male_50-64_Higher,USA,Male,50-64,Higher,189,Q116,2.06
USA_Male_50-64_Higher,USA,Male,50-64,Higher,189,Q117,2.29
USA_Male_50-64_Higher,USA,Male,50-64,Higher,189,Q118,1.81
USA_Male_50-64_Higher,USA,Male,50-64,Higher,189,Q119,1.9
USA_Male_50-64_Higher,USA,Male,50-64,Higher,189,Q12,1.29
USA_Male_50-64_Higher,USA,Male,50-64,Higher,189,Q120,5.48
USA_Male_50-64_Higher,USA,Male,50-64,Higher,189,Q121,3.61
USA_Male_50-64_Higher,USA,Male,50-64,Higher,189,Q122,1.73
USA_Male_50-64_Higher,USA,Male,50-64,Higher,189,Q123,1.62
USA_Male_50-64_Higher,USA,Male,50-64,Higher,189,Q124,1.09
USA_Male_50-64_Higher,USA,Male,50-64,Higher,189,Q125,1.43
USA_Male_50-64_Higher,USA,Male,50-64,Higher,189,Q126,1.14
USA_Male_50-64_Higher,USA,Male,50-64,Higher,189,Q127,1.62
USA_Male_50-64_Higher,USA,Male,50-64,Higher,189,Q128,1.06
USA_Male_50-64_Higher,USA,Male,50-64,Higher,189,Q129,1.33
USA_Male_50-64_Higher,USA,Male,50-64,Higher,189,Q13,1.67
USA_Male_50-64_Higher,USA,Male,50-64,Higher,189,Q130,2.34
USA_Male_50-64_Higher,USA,Male,50-64,Higher,189,Q131,2.19
USA_Male_50-64_Higher,USA,Male,50-64,Higher,189,Q132,3.25
USA_Male_50-64_Higher,USA,Male,50-64,Higher,189,Q133,3.31
USA_Male_50-64_Higher,USA,Male,50-64,Higher,189,Q134,3.52
USA_Male_50-64_Higher,USA,Male,50-64,Higher,189,Q135,3.21
USA_Male_50-64_Higher,USA,Male,50-64,Higher,189,Q136,3.4
USA_Male_50-64_Higher,USA,Male,50-64,Higher,189,Q137,3.53
USA_Male_50-64_Higher,USA,Male,50-64,Higher,189,Q138,3.42
USA_Male_50-64_Higher,USA,Male,50-64,Higher,189,Q139,1.45
USA_Male_50-64_Higher,USA,Male,50-64,Higher,189,Q14,1.51
USA_Male_50-64_Higher,USA,Male,50-64,Higher,189,Q140,1.69
USA_Male_50-64_Higher,USA,Male,50-64,Higher,189,Q141,1.82
USA_Male_50-64_Higher,USA,Male,50-64,Higher,189,Q142,2.93
USA_Male_50-64_Higher,USA,Male,50-64,Higher,189,Q143,3.28
USA_Male_50-64_Higher,USA,Male,50-64,Higher,189,Q144,1.95
USA_Male_50-64_Higher,USA,Male,50-64,Higher,189,Q145,1.88
USA_Male_50-64_Higher,USA,Male,50-64,Higher,189,Q146,2.01
USA_Male_50-64_Higher,USA,Male,50-64,Higher,189,Q147,2.17
USA_Male_50-64_Higher,USA,Male,50-64,Higher,189,Q148,3.09
USA_Male_50-64_Higher,USA,Male,50-64,Higher,189,Q149,1.16
USA_Male_50-64_Higher,USA,Male,50-64,Higher,189,Q150,1.13
USA_Male_50-64_Higher,USA,Male,50-64,Higher,189,Q151,1.26
USA_Male_50-64_Higher,USA,Male,50-64,Higher,189,Q152,1.74
USA_Male_50-64_Higher,USA,Male,50-64,Higher,189,Q153,1.8
USA_Male_50-64_Higher,USA,Male,50-64,Higher,189,Q154,2.72
USA_Male_50-64_Higher,USA,Male,50-64,Higher,189,Q155,2.4
USA_Male_50-64_Higher,USA,Male,50-64,Higher,189,Q156,1.79
USA_Male_50-64_Higher,USA,Male,50-64,Higher,189,Q157,2.7
USA_Male_50-64_Higher,USA,Male,50-64,Higher,189,Q158,7.72
USA_Male_50-64_Higher,USA,Male,50-64,Higher,189,Q159,7.35
USA_Male_50-64_Higher,USA,Male,50-64,Higher,189,Q16,1.72
USA_Male_50-64_Higher,USA,Male,50-64,Higher,189,Q161,3.17
USA_Male_50-64_Higher,USA,Male,50-64,Higher,189,Q162,2.72
USA_Male_50-64_Higher,USA,Male,50-64,Higher,189,Q163,8.37
USA_Male_50-64_Higher,USA,Male,50-64,Higher,189,Q17,1.88
USA_Male_50-64_Higher,USA,Male,50-64,Higher,189,Q176,6.42
USA_Male_50-64_Higher,USA,Male,50-64,Higher,189,Q177,1.91
USA_Male_50-64_Higher,USA,Male,50-64,Higher,189,Q178,1.99
USA_Male_50-64_Higher,USA,Male,50-64,Higher,189,Q179,1.46
USA_Male_50-64_Higher,USA,Male,50-64,Higher,189,Q18,1.03
USA_Male_50-64_Higher,USA,Male,50-64,Higher,189,Q180,1.95
USA_Male_50-64_Higher,USA,Male,50-64,Higher,189,Q181,1.31
USA_Male_50-64_Higher,USA,Male,50-64,Higher,189,Q182,6.39
USA_Male_50-64_Higher,USA,Male,50-64,Higher,189,Q183,4.01
USA_Male_50-64_Higher,USA,Male,50-64,Higher,189,Q184,5.02
USA_Male_50-64_Higher,USA,Male,50-64,Higher,189,Q185,6.59
USA_Male_50-64_Higher,USA,Male,50-64,Higher,189,Q186,6.7
USA_Male_50-64_Higher,USA,Male,50-64,Higher,189,Q187,3.54
USA_Male_50-64_Higher,USA,Male,50-64,Higher,189,Q188,5.55
USA_Male_50-64_Higher,USA,Male,50-64,Higher,189,Q189,1.07
USA_Male_50-64_Higher,USA,Male,50-64,Higher,189,Q19,1.97
USA_Male_50-64_Higher,USA,Male,50-64,Higher,189,Q190,1.61
USA_Male_50-64_Higher,USA,Male,50-64,Higher,189,Q191,2.39
USA_Male_50-64_Higher,USA,Male,50-64,Higher,189,Q192,1.39
USA_Male_50-64_Higher,USA,Male,50-64,Higher,189,Q193,5.58
USA_Male_50-64_Higher,USA,Male,50-64,Higher,189,Q194,2.28
USA_Male_50-64_Higher,USA,Male,50-64,Higher,189,Q195,5.74
USA_Male_50-64_Higher,USA,Male,50-64,Higher,189,Q196,2.14
USA_Male_50-64_Higher,USA,Male,50-64,Higher,189,Q197,3.25
USA_Male_50-64_Higher,USA,Male,50-64,Higher,189,Q198,3.16
USA_Male_50-64_Higher,USA,Male,50-64,Higher,189,Q199,1.79
USA_Male_50-64_Higher,USA,Male,50-64,Higher,189,Q2,1.63
USA_Male_50-64_Higher,USA,Male,50-64,Higher,189,Q20,1.93
USA_Male_50-64_Higher,USA,Male,50-64,Higher,189,Q200,1.14
USA_Male_50-64_Higher,USA,Male,50-64,Higher,189,Q201,2.76
USA_Male_50-64_Higher,USA,Male,50-64,Higher,189,Q202,1.78
USA_Male_50-64_Higher,USA,Male,50-64,Higher,189,Q203,2.1
USA_Male_50-64_Higher,USA,Male,50-64,Higher,189,Q204,2.4
USA_Male_50-64_Higher,USA,Male,50-64,Higher,189,Q205,2.51
USA_Male_50-64_Higher,USA,Male,50-64,Higher,189,Q206,1.52
USA_Male_50-64_Higher,USA,Male,50-64,Higher,189,Q207,2.99
USA_Male_50-64_Higher,USA,Male,50-64,Higher,189,Q208,2.11
USA_Male_50-64_Higher,USA,Male,50-64,Higher,189,Q209,1.19
USA_Male_50-64_Higher,USA,Male,50-64,Higher,189,Q21,1.93
USA_Male_50-64_Higher,USA,Male,50-64,Higher,189,Q210,1.64
USA_Male_50-64_Higher,USA,Male,50-64,Higher,189,Q211,1.83
USA_Male_50-64_Higher,USA,Male,50-64,Higher,189,Q212,2.23
USA_Male_50-64_Higher,USA,Male,50-64,Higher,189,Q213,1.47
USA_Male_50-64_Higher,USA,Male,50-64,Higher,189,Q214,1.37
USA_Male_50-64_Higher,USA,Male,50-64,Higher,189,Q216,1.19
USA_Male_50-64_Higher,USA,Male,50-64,Higher,189,Q217,1.4
USA_Male_50-64_Higher,USA,Male,50-64,Higher,189,Q218,1.55
USA_Male_50-64_Higher,USA,Male,50-64,Higher,189,Q219,1.78
USA_Male_50-64_Higher,USA,Male,50-64,Higher,189,Q22,1.89
USA_Male_50-64_Higher,USA,Male,50-64,Higher,189,Q220,2.34
USA_Male_50-64_Higher,USA,Male,50-64,Higher,189,Q221,1.47
USA_Male_50-64_Higher,USA,Male,50-64,Higher,189,Q222,1.19
USA_Male_50-64_Higher,USA,Male,50-64,Higher,189,Q223,780329.89
USA_Male_50-64_Higher,USA,Male,50-64,Higher,189,Q224,1.42
USA_Male_50-64_Higher,USA,Male,50-64,Higher,189,Q225,2.88
USA_Male_50-64_Higher,USA,Male,50-64,Higher,189,Q226,2.5
USA_Male_50-64_Higher,USA,Male,50-64,Higher,189,Q227,3.11
USA_Male_50-64_Higher,USA,Male,50-64,Higher,189,Q228,2.62
USA_Male_50-64_Higher,USA,Male,50-64,Higher,189,Q229,1.67
USA_Male_50-64_Higher,USA,Male,50-64,Higher,189,Q23,1.98
USA_Male_50-64_Higher,USA,Male,50-64,Higher,189,Q230,2.22
USA_Male_50-64_Higher,USA,Male,50-64,Higher,189,Q231,3.26
USA_Male_50-64_Higher,USA,Male,50-64,Higher,189,Q232,2.3
USA_Male_50-64_Higher,USA,Male,50-64,Higher,189,Q233,1.75
USA_Male_50-64_Higher,USA,Male,50-64,Higher,189,Q234,1.13
USA_Male_50-64_Higher,USA,Male,50-64,Higher,189,Q235,3.42
USA_Male_50-64_Higher,USA,Male,50-64,Higher,189,Q236,2.82
USA_Male_50-64_Higher,USA,Male,50-64,Higher,189,Q237,3.79
USA_Male_50-64_Higher,USA,Male,50-64,Higher,189,Q238,1.29
USA_Male_50-64_Higher,USA,Male,50-64,Higher,189,Q24,1.25
USA_Male_50-64_Higher,USA,Male,50-64,Higher,189,Q240,5.37
USA_Male_50-64_Higher,USA,Male,50-64,Higher,189,Q241,5.58
USA_Male_50-64_Higher,USA,Male,50-64,Higher,189,Q243,9.54
USA_Male_50-64_Higher,USA,Male,50-64,Higher,189,Q244,5.36
USA_Male_50-64_Higher,USA,Male,50-64,Higher,189,Q245,2.17
USA_Male_50-64_Higher,USA,Male,50-64,Higher,189,Q246,8.78
USA_Male_50-64_Higher,USA,Male,50-64,Higher,189,Q247,2.92
USA_Male_50-64_Higher,USA,Male,50-64,Higher,189,Q248,5.38
USA_Male_50-64_Higher,USA,Male,50-64,Higher,189,Q249,9.25
USA_Male_50-64_Higher,USA,Male,50-64,Higher,189,Q25,1.94
USA_Male_50-64_Higher,USA,Male,50-64,Higher,189,Q250,9.39
USA_Male_50-64_Higher,USA,Male,50-64,Higher,189,Q251,6.32
USA_Male_50-64_Higher,USA,Male,50-64,Higher,189,Q252,4.16
USA_Male_50-64_Higher,USA,Male,50-64,Higher,189,Q253,2.13
USA_Male_50-64_Higher,USA,Male,50-64,Higher,189,Q254,1.75
USA_Male_50-64_Higher,USA,Male,50-64,Higher,189,Q255,2.11
USA_Male_50-64_Higher,USA,Male,50-64,Higher,189,Q256,2.3
USA_Male_50-64_Higher,USA,Male,50-64,Higher,189,Q257,1.83
USA_Male_50-64_Higher,USA,Male,50-64,Higher,189,Q258,2.32
USA_Male_50-64_Higher,USA,Male,50-64,Higher,189,Q259,2.62
USA_Male_50-64_Higher,USA,Male,50-64,Higher,189,Q26,1.94
USA_Male_50-64_Higher,USA,Male,50-64,Higher,189,Q27,2.11
USA_Male_50-64_Higher,USA,Male,50-64,Higher,189,Q28,3.02
USA_Male_50-64_Higher,USA,Male,50-64,Higher,189,Q29,3.16
USA_Male_50-64_Higher,USA,Male,50-64,Higher,189,Q3,1.67
USA_Male_50-64_Higher,USA,Male,50-64,Higher,189,Q30,3.42
USA_Male_50-64_Higher,USA,Male,50-64,Higher,189,Q31,3.24
USA_Male_50-64_Higher,USA,Male,50-64,Higher,189,Q32,2.15
USA_Male_50-64_Higher,USA,Male,50-64,Higher,189,Q33,3.83
USA_Male_50-64_Higher,USA,Male,50-64,Higher,189,Q34,2.98
USA_Male_50-64_Higher,USA,Male,50-64,Higher,189,Q35,3.7
USA_Male_50-64_Higher,USA,Male,50-64,Higher,189,Q36,2.72
USA_Male_50-64_Higher,USA,Male,50-64,Higher,189,Q37,3.74
USA_Male_50-64_Higher,USA,Male,50-64,Higher,189,Q38,2.94
USA_Male_50-64_Higher,USA,Male,50-64,Higher,189,Q39,2.84
USA_Male_50-64_Higher,USA,Male,50-64,Higher,189,Q4,2.22
USA_Male_50-64_Higher,USA,Male,50-64,Higher,189,Q40,2.56
USA_Male_50-64_Higher,USA,Male,50-64,Higher,189,Q41,3.25
USA_Male_50-64_Higher,USA,Male,50-64,Higher,189,Q42,2.11
USA_Male_50-64_Higher,USA,Male,50-64,Higher,189,Q43,1.98
USA_Male_50-64_Higher,USA,Male,50-64,Higher,189,Q44,1.39
USA_Male_50-64_Higher,USA,Male,50-64,Higher,189,Q45,1.64
USA_Male_50-64_Higher,USA,Male,50-64,Higher,189,Q46,1.9
USA_Male_50-64_Higher,USA,Male,50-64,Higher,189,Q47,2.02
USA_Male_50-64_Higher,USA,Male,50-64,Higher,189,Q48,7.8
USA_Male_50-64_Higher,USA,Male,50-64,Higher,189,Q49,7.38
USA_Male_50-64_Higher,USA,Male,50-64,Higher,189,Q5,1.88
USA_Male_50-64_Higher,USA,Male,50-64,Higher,189,Q50,6.4
USA_Male_50-64_Higher,USA,Male,50-64,Higher,189,Q51,3.81
USA_Male_50-64_Higher,USA,Male,50-64,Higher,189,Q52,3.54
USA_Male_50-64_Higher,USA,Male,50-64,Higher,189,Q53,3.54
USA_Male_50-64_Higher,USA,Male,50-64,Higher,189,Q54,3.59
USA_Male_50-64_Higher,USA,Male,50-64,Higher,189,Q55,3.93
USA_Male_50-64_Higher,USA,Male,50-64,Higher,189,Q56,1.78
USA_Male_50-64_Higher,USA,Male,50-64,Higher,189,Q57,1.51
USA_Male_50-64_Higher,USA,Male,50-64,Higher,189,Q58,1.48
USA_Male_50-64_Higher,USA,Male,50-64,Higher,189,Q59,2.11
USA_Male_50-64_Higher,USA,Male,50-64,Higher,189,Q60,1.73
USA_Male_50-64_Higher,USA,Male,50-64,Higher,189,Q61,2.63
USA_Male_50-64_Higher,USA,Male,50-64,Higher,189,Q62,2.14
USA_Male_50-64_Higher,USA,Male,50-64,Higher,189,Q63,2.1
USA_Male_50-64_Higher,USA,Male,50-64,Higher,189,Q65,1.91
USA_Male_50-64_Higher,USA,Male,50-64,Higher,189,Q66,2.73
USA_Male_50-64_Higher,USA,Male,50-64,Higher,189,Q67,2.95
USA_Male_50-64_Higher,USA,Male,50-64,Higher,189,Q68,2.92
USA_Male_50-64_Higher,USA,Male,50-64,Higher,189,Q69,2.1
USA_Male_50-64_Higher,USA,Male,50-64,Higher,189,Q7,1.61
USA_Male_50-64_Higher,USA,Male,50-64,Higher,189,Q70,2.3
USA_Male_50-64_Higher,USA,Male,50-64,Higher,189,Q71,2.89
USA_Male_50-64_Higher,USA,Male,50-64,Higher,189,Q72,3.23
USA_Male_50-64_Higher,USA,Male,50-64,Higher,189,Q73,3.17
USA_Male_50-64_Higher,USA,Male,50-64,Higher,189,Q74,2.63
USA_Male_50-64_Higher,USA,Male,50-64,Higher,189,Q75,2.44
USA_Male_50-64_Higher,USA,Male,50-64,Higher,189,Q76,2.34
USA_Male_50-64_Higher,USA,Male,50-64,Higher,189,Q77,2.76
USA_Male_50-64_Higher,USA,Male,50-64,Higher,189,Q78,2.72
USA_Male_50-64_Higher,USA,Male,50-64,Higher,189,Q79,2.51
USA_Male_50-64_Higher,USA,Male,50-64,Higher,189,Q8,1.42
USA_Male_50-64_Higher,USA,Male,50-64,Higher,189,Q80,2.44
USA_Male_50-64_Higher,USA,Male,50-64,Higher,189,Q81,2.22
USA_Male_50-64_Higher,USA,Male,50-64,Higher,189,Q82,2.76
USA_Male_50-64_Higher,USA,Male,50-64,Higher,189,Q83,2.82
USA_Male_50-64_Higher,USA,Male,50-64,Higher,189,Q84,2.86
USA_Male_50-64_Higher,USA,Male,50-64,Higher,189,Q85,2.78
USA_Male_50-64_Higher,USA,Male,50-64,Higher,189,Q86,2.31
USA_Male_50-64_Higher,USA,Male,50-64,Higher,189,Q87,2.8
USA_Male_50-64_Higher,USA,Male,50-64,Higher,189,Q88,2.26
USA_Male_50-64_Higher,USA,Male,50-64,Higher,189,Q89,2.79
USA_Male_50-64_Higher,USA,Male,50-64,Higher,189,Q9,1.28
USA_Male_50-64_Higher,USA,Male,50-64,Higher,189,Q90,5.41
USA_Male_50-64_Higher,USA,Male,50-64,Higher,189,Q95,0.34
USA_Male_50-64_Higher,USA,Male,50-64,Higher,189,Q96,0.42
USA_Male_50-64_Higher,USA,Male,50-64,Higher,189,Q97,0.22
USA_Male_50-64_Higher,USA,Male,50-64,Higher,189,Q98,0.81
USA_Male_50-64_Higher,USA,Male,50-64,Higher,189,Q99,0.32
